абака;OpenCorpora;exists
аббат;OpenCorpora;
абвер;OpenCorpora;
абзац;OpenCorpora;
аборт;OpenCorpora;
абрек;OpenCorpora;
абрис;OpenCorpora;
абхаз;OpenCorpora;exists
абцуг;OpenCorpora;
аваль;OpenCorpora;
аванс;OpenCorpora;
авгит;OpenCorpora;
авгур;OpenCorpora;
авеню;OpenCorpora;
аверс;OpenCorpora;
авизо;OpenCorpora;
авлос;OpenCorpora;
авост;OpenCorpora;
аврал;OpenCorpora;
авран;OpenCorpora;
автол;OpenCorpora;
автор;OpenCorpora;
агава;OpenCorpora;
агама;OpenCorpora;
агами;OpenCorpora;
агенс;OpenCorpora;
агент;OpenCorpora;
агнат;OpenCorpora;
агнец;OpenCorpora;
агора;OpenCorpora;
аграф;OpenCorpora;
агути;OpenCorpora;
адепт;OpenCorpora;
админ;OpenCorpora;
адрес;OpenCorpora;
адрон;OpenCorpora;
ажгон;OpenCorpora;
азарт;OpenCorpora;
азиат;OpenCorpora;
айван;OpenCorpora;
аймак;OpenCorpora;
аймар;OpenCorpora;
айран;OpenCorpora;
айрол;OpenCorpora;
айсор;OpenCorpora;
айфон;OpenCorpora;not-exists
акажу;OpenCorpora;
акант;OpenCorpora;
аканф;OpenCorpora;
акрил;OpenCorpora;
акрон;OpenCorpora;
аксес;OpenCorpora;
аксон;OpenCorpora;
актив;OpenCorpora;
актин;OpenCorpora;
актор;OpenCorpora;
актёр;OpenCorpora;
акула;OpenCorpora;
акциз;OpenCorpora;
акция;OpenCorpora;
алгол;OpenCorpora;
алеут;OpenCorpora;
алиби;OpenCorpora;
алкаш;OpenCorpora;
алкил;OpenCorpora;
аллах;OpenCorpora;
аллея;OpenCorpora;
аллил;OpenCorpora;
аллод;OpenCorpora;
аллюр;OpenCorpora;
алмаз;OpenCorpora;
алоин;OpenCorpora;
алтей;OpenCorpora;
алтея;OpenCorpora;
алтын;OpenCorpora;
алчба;OpenCorpora;
алыча;OpenCorpora;
альба;OpenCorpora;
альфа;OpenCorpora;
амбал;OpenCorpora;
амбар;OpenCorpora;
амбра;OpenCorpora;
амбре;OpenCorpora;
амвон;OpenCorpora;
аморф;OpenCorpora;
ампер;OpenCorpora;
ампир;OpenCorpora;
амёба;OpenCorpora;
ангар;OpenCorpora;
ангел;OpenCorpora;
ангоб;OpenCorpora;
аниме;OpenCorpora;
анион;OpenCorpora;
анкас;OpenCorpora;
анкер;OpenCorpora;
аннит;OpenCorpora;
анонс;OpenCorpora;
антей;OpenCorpora;
антик;OpenCorpora;
антье;OpenCorpora;
анчар;OpenCorpora;
аорта;OpenCorpora;
апекс;OpenCorpora;
апорт;OpenCorpora;
апрош;OpenCorpora;
арбуз;OpenCorpora;
аргал;OpenCorpora;
аргон;OpenCorpora;
аргус;OpenCorpora;
арден;OpenCorpora;
ареал;OpenCorpora;
арека;OpenCorpora;
арена;OpenCorpora;
арест;OpenCorpora;
ариец;OpenCorpora;
аркан;OpenCorpora;
аркоз;OpenCorpora;
армия;OpenCorpora;
армюр;OpenCorpora;
армяк;OpenCorpora;
арпан;OpenCorpora;
арсис;OpenCorpora;
артос;OpenCorpora;
архар;OpenCorpora;
архат;OpenCorpora;
архив;OpenCorpora;
арчак;OpenCorpora;
аршин;OpenCorpora;
асана;OpenCorpora;
аскер;OpenCorpora;
аскет;OpenCorpora;
аспид;OpenCorpora;
ассаи;OpenCorpora;
астат;OpenCorpora;
астма;OpenCorpora;
астра;OpenCorpora;
асцит;OpenCorpora;
аська;OpenCorpora;
атака;OpenCorpora;
атлас;OpenCorpora;
атлет;OpenCorpora;
атоле;OpenCorpora;
атолл;OpenCorpora;
атрий;OpenCorpora;
аттик;OpenCorpora;
аудио;OpenCorpora;
аудит;OpenCorpora;
аурат;OpenCorpora;
афера;OpenCorpora;exists
афиша;OpenCorpora;
африт;OpenCorpora;
ахеец;OpenCorpora;
ацтек;OpenCorpora;
ашрам;OpenCorpora;
аэроб;OpenCorpora;
аэрон;OpenCorpora;
бабай;OpenCorpora;
бабка;OpenCorpora;
бабло;OpenCorpora;
бабьё;OpenCorpora;
багаж;OpenCorpora;
багер;OpenCorpora;
багет;OpenCorpora;
багор;OpenCorpora;
бадан;OpenCorpora;
бадья;OpenCorpora;
базар;OpenCorpora;
базис;OpenCorpora;
байка;OpenCorpora;
бакан;OpenCorpora;
бакен;OpenCorpora;
балда;OpenCorpora;
балей;OpenCorpora;
балет;OpenCorpora;
балка;OpenCorpora;
балык;OpenCorpora;exists
бальи;OpenCorpora;
бамия;OpenCorpora;
банан;OpenCorpora;
банда;OpenCorpora;
банди;OpenCorpora;
банер;OpenCorpora;
банка;OpenCorpora;
барак;OpenCorpora;
баран;OpenCorpora;
барби;OpenCorpora;
бареж;OpenCorpora;
баржа;OpenCorpora;
барий;OpenCorpora;
барин;OpenCorpora;
барит;OpenCorpora;
барич;OpenCorpora;
барка;OpenCorpora;
бармы;OpenCorpora;
барон;OpenCorpora;
барыш;OpenCorpora;
баска;OpenCorpora;
басма;OpenCorpora;
басня;OpenCorpora;
басок;OpenCorpora;
басон;OpenCorpora;
бастр;OpenCorpora;
батан;OpenCorpora;
батат;OpenCorpora;
батик;OpenCorpora;
батог;OpenCorpora;
батон;OpenCorpora;
батуд;OpenCorpora;
батун;OpenCorpora;
батут;OpenCorpora;
батыр;OpenCorpora;
бафия;OpenCorpora;
бафта;OpenCorpora;
бахча;OpenCorpora;
бачок;OpenCorpora;
башка;OpenCorpora;
башня;OpenCorpora;
бегун;OpenCorpora;
бедро;OpenCorpora;
безик;OpenCorpora;
бейдж;OpenCorpora;
бейка;OpenCorpora;
бейра;OpenCorpora;
бекар;OpenCorpora;
бекас;OpenCorpora;
бекон;OpenCorpora;
белец;OpenCorpora;
белка;OpenCorpora;
белок;OpenCorpora;
белые;OpenCorpora;
бельё;OpenCorpora;
беляк;OpenCorpora;
беляш;OpenCorpora;
белёк;OpenCorpora;
берег;OpenCorpora;
берет;OpenCorpora;
берил;OpenCorpora;
берма;OpenCorpora;
берцо;OpenCorpora;
бетон;OpenCorpora;
бибоп;OpenCorpora;
бивак;OpenCorpora;
бигус;OpenCorpora;
бидон;OpenCorpora;
бизон;OpenCorpora;
билет;OpenCorpora;
билль;OpenCorpora;
бинго;OpenCorpora;
бином;OpenCorpora;
бионт;OpenCorpora;
биота;OpenCorpora;
биржа;OpenCorpora;
бирка;OpenCorpora;
бирюк;OpenCorpora;
бирюч;OpenCorpora;
бисер;OpenCorpora;
бистр;OpenCorpora;
битва;OpenCorpora;
битер;OpenCorpora;
битлз;OpenCorpora;exists
биток;OpenCorpora;
битум;OpenCorpora;
битьё;OpenCorpora;
битюг;OpenCorpora;
бишоп;OpenCorpora;
благо;OpenCorpora;
блажь;OpenCorpora;
бланк;OpenCorpora;
бласт;OpenCorpora;
блеск;OpenCorpora;
близь;OpenCorpora;
блинд;OpenCorpora;
блинк;OpenCorpora;
блинт;OpenCorpora;
блоха;OpenCorpora;
блуза;OpenCorpora;
блюдо;OpenCorpora;
блюмс;OpenCorpora;
блядь;OpenCorpora;not-exists
бляха;OpenCorpora;
бобик;OpenCorpora;
бобок;OpenCorpora;
бобёр;OpenCorpora;
богач;OpenCorpora;exists
бодун;OpenCorpora;
бодяк;OpenCorpora;
божба;OpenCorpora;
божок;OpenCorpora;
бозон;OpenCorpora;
боинг;OpenCorpora;
бойня;OpenCorpora;
бокал;OpenCorpora;
бокка;OpenCorpora;
болид;OpenCorpora;
болюс;OpenCorpora;
бомба;OpenCorpora;
бонго;OpenCorpora;
бонза;OpenCorpora;
бонмо;OpenCorpora;
бонна;OpenCorpora;
бонус;OpenCorpora;
борат;OpenCorpora;
бордо;OpenCorpora;
борей;OpenCorpora;
борец;OpenCorpora;
борид;OpenCorpora;
боров;OpenCorpora;exists
борть;OpenCorpora;
босяк;OpenCorpora;
ботан;OpenCorpora;
ботва;OpenCorpora;
ботик;OpenCorpora;
бочаг;OpenCorpora;
бочар;OpenCorpora;
бочка;OpenCorpora;
бочок;OpenCorpora;
брага;OpenCorpora;
брада;OpenCorpora;
брань;OpenCorpora;exists
брасс;OpenCorpora;
бреве;OpenCorpora;
брейк;OpenCorpora;
бремя;OpenCorpora;
бренд;OpenCorpora;
брешь;OpenCorpora;
бридж;OpenCorpora;exists
бритт;OpenCorpora;
бровь;OpenCorpora;
бронх;OpenCorpora;
бронь;OpenCorpora;
броня;OpenCorpora;
брошь;OpenCorpora;
брыжи;OpenCorpora;
брыла;OpenCorpora;
брэнд;OpenCorpora;not-exists
брюки;OpenCorpora;
брюхо;OpenCorpora;
бубал;OpenCorpora;
бубен;OpenCorpora;
бубна;OpenCorpora;exists
бубон;OpenCorpora;
бугай;OpenCorpora;
бугор;OpenCorpora;
будда;OpenCorpora;
будка;OpenCorpora;exists
будни;OpenCorpora;
будра;OpenCorpora;
бузун;OpenCorpora;
букан;OpenCorpora;
буква;OpenCorpora;
букер;OpenCorpora;
букет;OpenCorpora;
букле;OpenCorpora;
букля;OpenCorpora;
букса;OpenCorpora;
булат;OpenCorpora;
булга;OpenCorpora;exists
булка;OpenCorpora;exists
булла;OpenCorpora;
бульб;OpenCorpora;
бурав;OpenCorpora;
бурак;OpenCorpora;
буран;OpenCorpora;exists
бурат;OpenCorpora;
бурда;OpenCorpora;
бурет;OpenCorpora;
бурка;OpenCorpora;
бурса;OpenCorpora;
бурун;OpenCorpora;
бурят;OpenCorpora;exists
бутан;OpenCorpora;
бутик;OpenCorpora;
бутил;OpenCorpora;exists
бутон;OpenCorpora;
бутса;OpenCorpora;
бутуз;OpenCorpora;
буфер;OpenCorpora;
буфет;OpenCorpora;
бухло;OpenCorpora;
бухта;OpenCorpora;
быдло;OpenCorpora;
быльё;OpenCorpora;
бытие;OpenCorpora;
бычок;OpenCorpora;
бьюик;OpenCorpora;
бэкус;OpenCorpora;
бювар;OpenCorpora;
бювет;OpenCorpora;
бяшка;OpenCorpora;
бёрдо;OpenCorpora;
бёрце;OpenCorpora;
вабик;OpenCorpora;
вагон;OpenCorpora;
вазон;OpenCorpora;
вакат;OpenCorpora;
вакса;OpenCorpora;
валах;OpenCorpora;
валер;OpenCorpora;
валет;OpenCorpora;
валец;OpenCorpora;
валик;OpenCorpora;
валка;OpenCorpora;
валок;OpenCorpora;
валуй;OpenCorpora;
валун;OpenCorpora;
валух;OpenCorpora;
вальс;OpenCorpora;
валёк;OpenCorpora;
ванна;OpenCorpora;
ванта;OpenCorpora;
варан;OpenCorpora;
варка;OpenCorpora;
варяг;OpenCorpora;
ватер;OpenCorpora;
ватин;OpenCorpora;
ватка;OpenCorpora;
вафля;OpenCorpora;
вахня;OpenCorpora;
вахта;OpenCorpora;
вброс;OpenCorpora;
вдова;OpenCorpora;
вебка;OpenCorpora;
ведда;OpenCorpora;
ведро;OpenCorpora;
ведун;OpenCorpora;
вежда;OpenCorpora;
вейка;OpenCorpora;
векша;OpenCorpora;
велик;OpenCorpora;exists
вельд;OpenCorpora;
вельс;OpenCorpora;
велюр;OpenCorpora;
венгр;OpenCorpora;
венед;OpenCorpora;
венет;OpenCorpora;
венец;OpenCorpora;
веник;OpenCorpora;
венка;OpenCorpora;
венок;OpenCorpora;
вента;OpenCorpora;
вепрь;OpenCorpora;
верба;OpenCorpora;
вервь;OpenCorpora;
веред;OpenCorpora;
верес;OpenCorpora;
верея;OpenCorpora;
верже;OpenCorpora;
верки;OpenCorpora;
верфь;OpenCorpora;
верша;OpenCorpora;exists
весло;OpenCorpora;
весна;OpenCorpora;
весть;OpenCorpora;
ветвь;OpenCorpora;
ветер;OpenCorpora;
ветка;OpenCorpora;
ветла;OpenCorpora;
вечер;OpenCorpora;
вешка;OpenCorpora;
вещун;OpenCorpora;
взвар;OpenCorpora;
взвод;OpenCorpora;
взвоз;OpenCorpora;
вздор;OpenCorpora;exists
вздох;OpenCorpora;
взлом;OpenCorpora;
взлёт;OpenCorpora;
взмах;OpenCorpora;exists
взмыв;OpenCorpora;exists
взмёт;OpenCorpora;exists
взнос;OpenCorpora;
взрез;OpenCorpora;
взрыв;OpenCorpora;
взыск;OpenCorpora;
вивёр;OpenCorpora;
видео;OpenCorpora;
видик;OpenCorpora;
визир;OpenCorpora;
визит;OpenCorpora;
вилка;OpenCorpora;
вилла;OpenCorpora;
вилок;OpenCorpora;
винил;OpenCorpora;exists
винцо;OpenCorpora;
виола;OpenCorpora;
виоль;OpenCorpora;
вираж;OpenCorpora;
вирус;OpenCorpora;
вирши;OpenCorpora;not-exists
виски;OpenCorpora;exists
висок;OpenCorpora;
вития;OpenCorpora;
виток;OpenCorpora;
витьё;OpenCorpora;
вихор;OpenCorpora;
вихрь;OpenCorpora;exists
вишня;OpenCorpora;
вклад;OpenCorpora;
влага;OpenCorpora;
власы;OpenCorpora;
внука;OpenCorpora;
вобла;OpenCorpora;
вогул;OpenCorpora;
водка;OpenCorpora;
вожак;OpenCorpora;exists
вождь;OpenCorpora;exists
вожжа;OpenCorpora;
возка;OpenCorpora;
возня;OpenCorpora;
возок;OpenCorpora;
война;OpenCorpora;
вокал;OpenCorpora;
волан;OpenCorpora;
волга;OpenCorpora;
волна;OpenCorpora;
волок;OpenCorpora;exists
волос;OpenCorpora;
волох;OpenCorpora;
волхв;OpenCorpora;
вольт;OpenCorpora;
вомер;OpenCorpora;
вопль;OpenCorpora;
ворог;OpenCorpora;
ворон;OpenCorpora;
ворот;OpenCorpora;
ворох;OpenCorpora;
вотум;OpenCorpora;
вотяк;OpenCorpora;
вошка;OpenCorpora;
вояка;OpenCorpora;
впуск;OpenCorpora;
враки;OpenCorpora;
враль;OpenCorpora;
врата;OpenCorpora;
время;OpenCorpora;
вруша;OpenCorpora;
вскок;OpenCorpora;
всход;OpenCorpora;
втора;OpenCorpora;
вуаль;OpenCorpora;
въезд;OpenCorpora;
выбег;OpenCorpora;
выбор;OpenCorpora;
вывал;OpenCorpora;
вывих;OpenCorpora;
вывод;OpenCorpora;
вывоз;OpenCorpora;
выгиб;OpenCorpora;
выгон;OpenCorpora;
выгул;OpenCorpora;
выдел;OpenCorpora;
выдох;OpenCorpora;exists
выдра;OpenCorpora;
выезд;OpenCorpora;
выжиг;OpenCorpora;exists
выжим;OpenCorpora;
вызов;OpenCorpora;exists
вызол;OpenCorpora;
выкат;OpenCorpora;
выкос;OpenCorpora;
выкуп;OpenCorpora;
выкус;OpenCorpora;
вылаз;OpenCorpora;
вылет;OpenCorpora;
вылов;OpenCorpora;
вылом;OpenCorpora;
вымол;OpenCorpora;
вынос;OpenCorpora;
выпад;OpenCorpora;
выпал;OpenCorpora;
выпар;OpenCorpora;
выпас;OpenCorpora;
выпек;OpenCorpora;
выпор;OpenCorpora;
выпот;OpenCorpora;
вырез;OpenCorpora;
выруб;OpenCorpora;
высев;OpenCorpora;
высед;OpenCorpora;
высов;OpenCorpora;
вытьё;OpenCorpora;
выход;OpenCorpora;exists
вычет;OpenCorpora;
вышаг;OpenCorpora;
вышка;OpenCorpora;
вьюга;OpenCorpora;
вязка;OpenCorpora;
вятич;OpenCorpora;
вятка;OpenCorpora;
вёдро;OpenCorpora;
гавот;OpenCorpora;
гагат;OpenCorpora;
газик;OpenCorpora;
газон;OpenCorpora;
гайал;OpenCorpora;
гайда;OpenCorpora;
гайка;OpenCorpora;
галид;OpenCorpora;
галит;OpenCorpora;
галка;OpenCorpora;
галон;OpenCorpora;
галоп;OpenCorpora;
галун;OpenCorpora;
гамак;OpenCorpora;
гамен;OpenCorpora;
гамма;OpenCorpora;
ганаш;OpenCorpora;
ганец;OpenCorpora;
ганит;OpenCorpora;
ганка;OpenCorpora;
гараж;OpenCorpora;
гарда;OpenCorpora;
гарем;OpenCorpora;
гарус;OpenCorpora;
гаучо;OpenCorpora;
гачек;OpenCorpora;
гашиш;OpenCorpora;
гаюин;OpenCorpora;
гбайт;OpenCorpora;not-exists
гвалт;OpenCorpora;
гевея;OpenCorpora;
гейша;OpenCorpora;
гелий;OpenCorpora;
гемма;OpenCorpora;
гений;OpenCorpora;
геном;OpenCorpora;exists
генри;OpenCorpora;
геоид;OpenCorpora;
герей;OpenCorpora;
герма;OpenCorpora;
герой;OpenCorpora;
гетра;OpenCorpora;
гетто;OpenCorpora;
гидра;OpenCorpora;
гиена;OpenCorpora;
гилея;OpenCorpora;
гиляк;OpenCorpora;
гимен;OpenCorpora;
гинея;OpenCorpora;
гиоид;OpenCorpora;
гипюр;OpenCorpora;
гирей;OpenCorpora;
гирка;OpenCorpora;
гирло;OpenCorpora;
гитов;OpenCorpora;
гичка;OpenCorpora;
глава;OpenCorpora;
главк;OpenCorpora;
гладь;OpenCorpora;
глайд;OpenCorpora;
глень;OpenCorpora;
глина;OpenCorpora;
глипт;OpenCorpora;
глист;OpenCorpora;
глубь;OpenCorpora;
глушь;OpenCorpora;
глыба;OpenCorpora;
глюон;OpenCorpora;
гмина;OpenCorpora;
гнейс;OpenCorpora;
гнида;OpenCorpora;
гниль;OpenCorpora;exists
гнома;OpenCorpora;
гнусь;OpenCorpora;
гобан;OpenCorpora;
гоббл;OpenCorpora;
гобой;OpenCorpora;
говно;OpenCorpora;
говор;OpenCorpora;
гогот;OpenCorpora;
годик;OpenCorpora;
годок;OpenCorpora;
голец;OpenCorpora;
голик;OpenCorpora;
голод;OpenCorpora;
голос;OpenCorpora;
голыш;OpenCorpora;
гольд;OpenCorpora;exists
гольф;OpenCorpora;
гольё;OpenCorpora;
голяк;OpenCorpora;
гомик;OpenCorpora;
гомон;OpenCorpora;
гонец;OpenCorpora;
гонка;OpenCorpora;
гонор;OpenCorpora;
гопак;OpenCorpora;
горал;OpenCorpora;
горец;OpenCorpora;
горжа;OpenCorpora;
горка;OpenCorpora;
горло;OpenCorpora;
город;OpenCorpora;
горох;OpenCorpora;exists
горст;OpenCorpora;
горюн;OpenCorpora;
гость;OpenCorpora;
гофер;OpenCorpora;
гохуа;OpenCorpora;
грамм;OpenCorpora;
гранд;OpenCorpora;
грант;OpenCorpora;
грань;OpenCorpora;
граус;OpenCorpora;
графа;OpenCorpora;
грена;OpenCorpora;
греча;OpenCorpora;
грива;OpenCorpora;
гридь;OpenCorpora;
гриль;OpenCorpora;
гриот;OpenCorpora;
грипп;OpenCorpora;
гроза;OpenCorpora;
грозд;OpenCorpora;
гросс;OpenCorpora;
груда;OpenCorpora;
грудь;OpenCorpora;
грунт;OpenCorpora;
груша;OpenCorpora;
грыжа;OpenCorpora;
гряда;OpenCorpora;
грязь;OpenCorpora;
грёза;OpenCorpora;
гуава;OpenCorpora;
гуано;OpenCorpora;
гуари;OpenCorpora;
гуашь;OpenCorpora;
губан;OpenCorpora;
губка;OpenCorpora;
гудок;OpenCorpora;
гужон;OpenCorpora;
гузка;OpenCorpora;exists
гузно;OpenCorpora;
гукер;OpenCorpora;
гуляш;OpenCorpora;
гумбо;OpenCorpora;
гумин;OpenCorpora;
гумит;OpenCorpora;
гумма;OpenCorpora;
гумми;OpenCorpora;
гумно;OpenCorpora;
гумус;OpenCorpora;
гуран;OpenCorpora;
гурия;OpenCorpora;
гуркх;OpenCorpora;
гусак;OpenCorpora;
гусар;OpenCorpora;
гусит;OpenCorpora;
гусли;OpenCorpora;
гусёк;OpenCorpora;
гуцул;OpenCorpora;
гюрза;OpenCorpora;
гётит;OpenCorpora;
давка;OpenCorpora;
дазар;OpenCorpora;
дайка;OpenCorpora;
даймё;OpenCorpora;
дайна;OpenCorpora;
дайон;OpenCorpora;
дайра;OpenCorpora;
далия;OpenCorpora;
даман;OpenCorpora;
дамба;OpenCorpora;
дамка;OpenCorpora;
дамно;OpenCorpora;
данио;OpenCorpora;
дарик;OpenCorpora;
дартс;OpenCorpora;
дацан;OpenCorpora;
дацит;OpenCorpora;
дачка;OpenCorpora;
дверь;OpenCorpora;
дебет;OpenCorpora;
дебил;OpenCorpora;
дебит;OpenCorpora;
дебош;OpenCorpora;
дебри;OpenCorpora;
дебют;OpenCorpora;
девиз;OpenCorpora;
девка;OpenCorpora;
девон;OpenCorpora;
дегра;OpenCorpora;
дедка;OpenCorpora;
деизм;OpenCorpora;
деист;OpenCorpora;
декан;OpenCorpora;
декор;OpenCorpora;
делец;OpenCorpora;
делёж;OpenCorpora;
демон;OpenCorpora;
демос;OpenCorpora;exists
денге;OpenCorpora;
денди;OpenCorpora;
денёк;OpenCorpora;
дерба;OpenCorpora;
дерби;OpenCorpora;
дерма;OpenCorpora;
дерть;OpenCorpora;
десна;OpenCorpora;
десть;OpenCorpora;
детва;OpenCorpora;
детка;OpenCorpora;
дефис;OpenCorpora;
джайв;OpenCorpora;
джайн;OpenCorpora;
джига;OpenCorpora;
джинн;OpenCorpora;
дзета;OpenCorpora;
дзори;OpenCorpora;
дзэта;OpenCorpora;
дзюдо;OpenCorpora;
диада;OpenCorpora;
диван;OpenCorpora;
диета;OpenCorpora;
дилер;OpenCorpora;
димер;OpenCorpora;
динар;OpenCorpora;
динас;OpenCorpora;
динго;OpenCorpora;
диско;OpenCorpora;
дихта;OpenCorpora;
дичок;OpenCorpora;exists
диэдр;OpenCorpora;
длань;OpenCorpora;
длина;OpenCorpora;
днище;OpenCorpora;
днюха;OpenCorpora;
добла;OpenCorpora;
добор;OpenCorpora;
добро;OpenCorpora;
довод;OpenCorpora;
догма;OpenCorpora;
дождь;OpenCorpora;
дозор;OpenCorpora;
дойка;OpenCorpora;
дойна;OpenCorpora;
дойра;OpenCorpora;
докер;OpenCorpora;
долли;OpenCorpora;
домен;OpenCorpora;
домик;OpenCorpora;
домна;OpenCorpora;
домок;OpenCorpora;
домол;OpenCorpora;
домра;OpenCorpora;
донец;OpenCorpora;
донка;OpenCorpora;
донна;OpenCorpora;
донор;OpenCorpora;
донос;OpenCorpora;
донце;OpenCorpora;
донья;OpenCorpora;exists
доска;OpenCorpora;
досол;OpenCorpora;
досуг;OpenCorpora;
досье;OpenCorpora;
дофин;OpenCorpora;
доход;OpenCorpora;
дочка;OpenCorpora;
драга;OpenCorpora;
драже;OpenCorpora;exists
драйв;OpenCorpora;
драка;OpenCorpora;
драма;OpenCorpora;
дрань;OpenCorpora;
драфт;OpenCorpora;
древо;OpenCorpora;
дреды;OpenCorpora;
дрейф;OpenCorpora;
дрель;OpenCorpora;
дрена;OpenCorpora;
дринк;OpenCorpora;
дрифт;OpenCorpora;
дробь;OpenCorpora;
дрова;OpenCorpora;
дрога;OpenCorpora;
дрожь;OpenCorpora;
дрозд;OpenCorpora;
дроид;OpenCorpora;
дронт;OpenCorpora;
дросс;OpenCorpora;
дрофа;OpenCorpora;
друза;OpenCorpora;
друид;OpenCorpora;
дрязг;OpenCorpora;
дрянь;OpenCorpora;
дрёма;OpenCorpora;
дубка;OpenCorpora;
дубль;OpenCorpora;
дубок;OpenCorpora;
дубьё;OpenCorpora;
дуван;OpenCorpora;
дудак;OpenCorpora;
дудка;OpenCorpora;
дужка;OpenCorpora;
дукат;OpenCorpora;
дулеб;OpenCorpora;
думец;OpenCorpora;
думка;OpenCorpora;
дунит;OpenCorpora;
дуоль;OpenCorpora;
дупло;OpenCorpora;
дурак;OpenCorpora;
дурра;OpenCorpora;
дурро;OpenCorpora;
дутар;OpenCorpora;
дутик;OpenCorpora;
дутыш;OpenCorpora;
дутьё;OpenCorpora;
духан;OpenCorpora;
дучка;OpenCorpora;
душка;OpenCorpora;
душок;OpenCorpora;
дуэль;OpenCorpora;
дщерь;OpenCorpora;
дылда;OpenCorpora;
дымка;OpenCorpora;
дымок;OpenCorpora;
дырка;OpenCorpora;
дышло;OpenCorpora;
дюкер;OpenCorpora;
дюрол;OpenCorpora;
дюшес;OpenCorpora;exists
дятел;OpenCorpora;
дёжка;OpenCorpora;
дёрен;OpenCorpora;
еблан;OpenCorpora;
евнух;OpenCorpora;
еврей;OpenCorpora;
егерь;OpenCorpora;
егоза;OpenCorpora;
ежиха;OpenCorpora;
ездка;OpenCorpora;
ездок;OpenCorpora;
емейл;OpenCorpora;
емшан;OpenCorpora;
ересь;OpenCorpora;
есаул;OpenCorpora;
ехида;OpenCorpora;
жабка;OpenCorpora;
жабра;OpenCorpora;
жажда;OpenCorpora;
жакан;OpenCorpora;
жакет;OpenCorpora;
жамка;OpenCorpora;
жарка;OpenCorpora;
жарок;OpenCorpora;
жатва;OpenCorpora;
жатка;OpenCorpora;
жвала;OpenCorpora;
жвало;OpenCorpora;
жевок;OpenCorpora;
желна;OpenCorpora;
желть;OpenCorpora;
жених;OpenCorpora;
жеода;OpenCorpora;
жердь;OpenCorpora;
жерех;OpenCorpora;
жерло;OpenCorpora;
жесть;OpenCorpora;
жетон;OpenCorpora;
живец;OpenCorpora;
живой;OpenCorpora;
живот;OpenCorpora;
жиган;OpenCorpora;
жизнь;OpenCorpora;
жилет;OpenCorpora;
жилец;OpenCorpora;
жилка;OpenCorpora;
жильё;OpenCorpora;
жимок;OpenCorpora;
жинка;OpenCorpora;
жират;OpenCorpora;
жираф;OpenCorpora;
жирок;OpenCorpora;
жиряк;OpenCorpora;
жисть;OpenCorpora;
житие;OpenCorpora;
житьё;OpenCorpora;
жменя;OpenCorpora;
жмудь;OpenCorpora;
жнива;OpenCorpora;
жниво;OpenCorpora;
жница;OpenCorpora;
жокей;OpenCorpora;
жрица;OpenCorpora;
жулан;OpenCorpora;
жулик;OpenCorpora;
жульё;OpenCorpora;
жупан;OpenCorpora;
жупел;OpenCorpora;
жучка;OpenCorpora;
жучок;OpenCorpora;
жёлоб;OpenCorpora;
жёлчь;OpenCorpora;exists
жёнка;OpenCorpora;
забег;OpenCorpora;
забой;OpenCorpora;
забор;OpenCorpora;
завал;OpenCorpora;exists
завет;OpenCorpora;
завод;OpenCorpora;
завоз;OpenCorpora;
завуч;OpenCorpora;
загар;OpenCorpora;
загиб;OpenCorpora;
загон;OpenCorpora;
загул;OpenCorpora;
задел;OpenCorpora;exists
задик;OpenCorpora;
задок;OpenCorpora;
задор;OpenCorpora;
заезд;OpenCorpora;
зажим;OpenCorpora;
зажин;OpenCorpora;
зажор;OpenCorpora;
зазор;OpenCorpora;
зазыв;OpenCorpora;
заика;OpenCorpora;
зайка;OpenCorpora;
заказ;OpenCorpora;
закал;OpenCorpora;
закат;OpenCorpora;exists
закол;OpenCorpora;
закон;OpenCorpora;
закуп;OpenCorpora;
закут;OpenCorpora;
залив;OpenCorpora;
зализ;OpenCorpora;
залог;OpenCorpora;
залом;OpenCorpora;exists
залёт;OpenCorpora;
замай;OpenCorpora;
замах;OpenCorpora;
замер;OpenCorpora;exists
замес;OpenCorpora;
замок;OpenCorpora;
замор;OpenCorpora;
замша;OpenCorpora;
замёт;OpenCorpora;
занос;OpenCorpora;
запад;OpenCorpora;
запал;OpenCorpora;exists
запас;OpenCorpora;
запах;OpenCorpora;
запев;OpenCorpora;
запой;OpenCorpora;
запор;OpenCorpora;
зарез;OpenCorpora;
зарод;OpenCorpora;
зарок;OpenCorpora;
заруб;OpenCorpora;
заряд;OpenCorpora;
засев;OpenCorpora;
засов;OpenCorpora;
засол;OpenCorpora;
засор;OpenCorpora;
засос;OpenCorpora;
затея;OpenCorpora;
заток;OpenCorpora;
затон;OpenCorpora;
затор;OpenCorpora;
затяг;OpenCorpora;
затёк;OpenCorpora;
затёс;OpenCorpora;
заумь;OpenCorpora;
заход;OpenCorpora;
зацеп;OpenCorpora;
зачин;OpenCorpora;
зачёс;OpenCorpora;
зачёт;OpenCorpora;
звено;OpenCorpora;
зверь;OpenCorpora;
зебра;OpenCorpora;
зевок;OpenCorpora;
зелот;OpenCorpora;
зелье;OpenCorpora;
зельц;OpenCorpora;
земец;OpenCorpora;
земля;OpenCorpora;
зендо;OpenCorpora;
зенит;OpenCorpora;
зенки;OpenCorpora;
зерно;OpenCorpora;
зернь;OpenCorpora;
зефир;OpenCorpora;
зилот;OpenCorpora;
зипун;OpenCorpora;
злато;OpenCorpora;
злоба;OpenCorpora;
злюка;OpenCorpora;
знамя;OpenCorpora;
знать;OpenCorpora;
золка;OpenCorpora;
зомби;OpenCorpora;
зооид;OpenCorpora;
зраза;OpenCorpora;
зубец;OpenCorpora;
зубик;OpenCorpora;
зубок;OpenCorpora;
зулус;OpenCorpora;
зумпф;OpenCorpora;
зурна;OpenCorpora;
зыбка;OpenCorpora;
зыбун;OpenCorpora;
зятёк;OpenCorpora;
иблис;OpenCorpora;
иваси;OpenCorpora;
ивина;OpenCorpora;
ивняк;OpenCorpora;
иврит;OpenCorpora;
игрек;OpenCorpora;
игрец;OpenCorpora;
игрок;OpenCorpora;
игрун;OpenCorpora;
идеал;OpenCorpora;
идиом;OpenCorpora;
идиот;OpenCorpora;
иерей;OpenCorpora;
ижица;OpenCorpora;
избач;OpenCorpora;
извет;OpenCorpora;
извив;OpenCorpora;
извод;OpenCorpora;
извоз;OpenCorpora;
изгиб;OpenCorpora;
изгой;OpenCorpora;
излом;OpenCorpora;
излёт;OpenCorpora;
измор;OpenCorpora;
износ;OpenCorpora;
изъян;OpenCorpora;
изыск;OpenCorpora;
изюбр;OpenCorpora;
икона;OpenCorpora;
икота;OpenCorpora;
иксия;OpenCorpora;
иктус;OpenCorpora;
илеит;OpenCorpora;
илька;OpenCorpora;
имаго;OpenCorpora;
имидж;OpenCorpora;
инвар;OpenCorpora;
ингуш;OpenCorpora;
индий;OpenCorpora;
индол;OpenCorpora;
индри;OpenCorpora;
индус;OpenCorpora;
индюк;OpenCorpora;
инжир;OpenCorpora;
инион;OpenCorpora;
инкуб;OpenCorpora;
инока;OpenCorpora;
интим;OpenCorpora;
иодид;OpenCorpora;
иомен;OpenCorpora;
ионий;OpenCorpora;
ионик;OpenCorpora;
ионит;OpenCorpora;
иприт;OpenCorpora;
ирбис;OpenCorpora;
ирмос;OpenCorpora;
искра;OpenCorpora;
искус;OpenCorpora;
ислам;OpenCorpora;
испод;OpenCorpora;
испуг;OpenCorpora;
иссоп;OpenCorpora;
истец;OpenCorpora;
истод;OpenCorpora;
исток;OpenCorpora;
исход;OpenCorpora;
итээр;OpenCorpora;
иудей;OpenCorpora;
ишиас;OpenCorpora;
ишпан;OpenCorpora;
йаппи;OpenCorpora;
йодат;OpenCorpora;
йодид;OpenCorpora;
йомен;OpenCorpora;
кааба;OpenCorpora;
кабак;OpenCorpora;exists
кабан;OpenCorpora;
кабил;OpenCorpora;
кабул;OpenCorpora;
кавер;OpenCorpora;
кавун;OpenCorpora;
кагал;OpenCorpora;
каган;OpenCorpora;
кагат;OpenCorpora;
кагор;OpenCorpora;
кадди;OpenCorpora;
кадет;OpenCorpora;
кадий;OpenCorpora;
кадка;OpenCorpora;
кадык;OpenCorpora;
казак;OpenCorpora;
казан;OpenCorpora;
казах;OpenCorpora;exists
казна;OpenCorpora;
казнь;OpenCorpora;
казус;OpenCorpora;
кайла;OpenCorpora;
кайло;OpenCorpora;
кайма;OpenCorpora;
кайра;OpenCorpora;
какао;OpenCorpora;
калам;OpenCorpora;
калач;OpenCorpora;
калий;OpenCorpora;
калин;OpenCorpora;
калла;OpenCorpora;
калпа;OpenCorpora;
калым;OpenCorpora;
камаз;OpenCorpora;
камея;OpenCorpora;
камин;OpenCorpora;
камка;OpenCorpora;
кампо;OpenCorpora;
камса;OpenCorpora;
камча;OpenCorpora;
камыш;OpenCorpora;
канак;OpenCorpora;
канал;OpenCorpora;
канат;OpenCorpora;
канва;OpenCorpora;
канна;OpenCorpora;
канон;OpenCorpora;
каноэ;OpenCorpora;
канун;OpenCorpora;
канюк;OpenCorpora;
капер;OpenCorpora;
капля;OpenCorpora;
капок;OpenCorpora;
капор;OpenCorpora;exists
капот;OpenCorpora;
каппа;OpenCorpora;
капут;OpenCorpora;
карат;OpenCorpora;
карга;OpenCorpora;
карго;OpenCorpora;
карда;OpenCorpora;
карел;OpenCorpora;exists
кариб;OpenCorpora;
карла;OpenCorpora;
карма;OpenCorpora;exists
карра;OpenCorpora;
карри;OpenCorpora;
карст;OpenCorpora;
карта;OpenCorpora;
карча;OpenCorpora;
касба;OpenCorpora;
касик;OpenCorpora;
каска;OpenCorpora;
каско;OpenCorpora;
касса;OpenCorpora;
каста;OpenCorpora;
катар;OpenCorpora;
катер;OpenCorpora;exists
катет;OpenCorpora;
катод;OpenCorpora;
каток;OpenCorpora;
катти;OpenCorpora;
катык;OpenCorpora;
катыш;OpenCorpora;
каури;OpenCorpora;
кафир;OpenCorpora;
кацап;OpenCorpora;
кацик;OpenCorpora;
качка;OpenCorpora;
качча;OpenCorpora;
кашка;OpenCorpora;
кашне;OpenCorpora;
кашпо;OpenCorpora;
кашуб;OpenCorpora;
каюга;OpenCorpora;
каюта;OpenCorpora;
кбайт;OpenCorpora;
квант;OpenCorpora;
кварк;OpenCorpora;
кварц;OpenCorpora;
квача;OpenCorpora;
квест;OpenCorpora;
квота;OpenCorpora;
кебаб;OpenCorpora;
кегль;OpenCorpora;
кегля;OpenCorpora;
келпи;OpenCorpora;
кельт;OpenCorpora;
келья;OpenCorpora;exists
кенар;OpenCorpora;
кенаф;OpenCorpora;
кендо;OpenCorpora;
кепка;OpenCorpora;
керма;OpenCorpora;
кетка;OpenCorpora;
кетон;OpenCorpora;
кефир;OpenCorpora;
кечуа;OpenCorpora;
кешью;OpenCorpora;exists
кианг;OpenCorpora;
кибеи;OpenCorpora;
кибуц;OpenCorpora;
кивер;OpenCorpora;
кивок;OpenCorpora;
кивот;OpenCorpora;
кидас;OpenCorpora;
кидка;OpenCorpora;
кизил;OpenCorpora;
кизяк;OpenCorpora;
килим;OpenCorpora;
килти;OpenCorpora;
кимвр;OpenCorpora;
кинез;OpenCorpora;
киник;OpenCorpora;
кинин;OpenCorpora;
киоск;OpenCorpora;
кирза;OpenCorpora;
кирка;OpenCorpora;
кирха;OpenCorpora;
кисет;OpenCorpora;exists
кисея;OpenCorpora;
киска;OpenCorpora;
киста;OpenCorpora;
кисть;OpenCorpora;
кифоз;OpenCorpora;
кичим;OpenCorpora;
кичка;OpenCorpora;
кишка;OpenCorpora;
кладь;OpenCorpora;
клака;OpenCorpora;
кларк;OpenCorpora;
кларо;OpenCorpora;
класс;OpenCorpora;
клерк;OpenCorpora;
клеть;OpenCorpora;
клефт;OpenCorpora;
клещи;OpenCorpora;
клика;OpenCorpora;
клико;OpenCorpora;
клинч;OpenCorpora;
клица;OpenCorpora;
клише;OpenCorpora;
клоун;OpenCorpora;
клуня;OpenCorpora;
клупп;OpenCorpora;
клуша;OpenCorpora;
клюка;OpenCorpora;
клюфт;OpenCorpora;
клямс;OpenCorpora;not-exists
кляча;OpenCorpora;
клёст;OpenCorpora;
кнель;OpenCorpora;
кнехт;OpenCorpora;
книга;OpenCorpora;
кница;OpenCorpora;
князь;OpenCorpora;exists
коала;OpenCorpora;
кобза;OpenCorpora;
кобль;OpenCorpora;not-exists
кобол;OpenCorpora;
кобра;OpenCorpora;
кобёл;OpenCorpora;
ковар;OpenCorpora;
ковач;OpenCorpora;
ковка;OpenCorpora;
ковёр;OpenCorpora;
кодак;OpenCorpora;
кодек;OpenCorpora;
кодер;OpenCorpora;
кодла;OpenCorpora;exists
кодон;OpenCorpora;
кожан;OpenCorpora;
кожух;OpenCorpora;
козлы;OpenCorpora;
козни;OpenCorpora;
козон;OpenCorpora;
козёл;OpenCorpora;
коипу;OpenCorpora;
койка;OpenCorpora;
койне;OpenCorpora;
койот;OpenCorpora;
кокет;OpenCorpora;
кокон;OpenCorpora;
кокор;OpenCorpora;
кокос;OpenCorpora;
колба;OpenCorpora;
колер;OpenCorpora;exists
колет;OpenCorpora;
колея;OpenCorpora;
колит;OpenCorpora;exists
колка;OpenCorpora;
колли;OpenCorpora;
колоб;OpenCorpora;
колок;OpenCorpora;
колон;OpenCorpora;
колор;OpenCorpora;
колос;OpenCorpora;
колун;OpenCorpora;
колье;OpenCorpora;
кольт;OpenCorpora;exists
колюр;OpenCorpora;
комар;OpenCorpora;
комби;OpenCorpora;
комик;OpenCorpora;
комма;OpenCorpora;
комод;OpenCorpora;
комок;OpenCorpora;
конга;OpenCorpora;
конец;OpenCorpora;
коник;OpenCorpora;
конка;OpenCorpora;
конус;OpenCorpora;
конха;OpenCorpora;
конюх;OpenCorpora;
конёк;OpenCorpora;
копал;OpenCorpora;
копач;OpenCorpora;
копир;OpenCorpora;
копия;OpenCorpora;
копка;OpenCorpora;
копна;OpenCorpora;
копра;OpenCorpora;
копун;OpenCorpora;
копыл;OpenCorpora;
копьё;OpenCorpora;
копёр;OpenCorpora;
коран;OpenCorpora;exists
корги;OpenCorpora;
корда;OpenCorpora;
корец;OpenCorpora;
кореш;OpenCorpora;
корка;OpenCorpora;
корма;OpenCorpora;exists
короб;OpenCorpora;
корча;OpenCorpora;exists
корьё;OpenCorpora;
коряк;OpenCorpora;
косач;OpenCorpora;
косец;OpenCorpora;
космы;OpenCorpora;
косок;OpenCorpora;
кость;OpenCorpora;
косяк;OpenCorpora;
котик;OpenCorpora;
котёл;OpenCorpora;
кофей;OpenCorpora;
кофий;OpenCorpora;
кофик;OpenCorpora;
кофта;OpenCorpora;
кохия;OpenCorpora;
кочан;OpenCorpora;
кочет;OpenCorpora;
кочка;OpenCorpora;
кошер;OpenCorpora;
кошка;OpenCorpora;
кошма;OpenCorpora;
кощей;OpenCorpora;
крага;OpenCorpora;
кража;OpenCorpora;
крайт;OpenCorpora;
кракс;OpenCorpora;
краля;OpenCorpora;
крапп;OpenCorpora;
краса;OpenCorpora;
крафт;OpenCorpora;
кредо;OpenCorpora;
крейт;OpenCorpora;
креол;OpenCorpora;
креон;OpenCorpora;
крепь;OpenCorpora;
кресс;OpenCorpora;
крест;OpenCorpora;
крица;OpenCorpora;
кровь;OpenCorpora;
кроки;OpenCorpora;
кроль;OpenCorpora;
крона;OpenCorpora;
кросс;OpenCorpora;
кроха;OpenCorpora;
кроше;OpenCorpora;
круиз;OpenCorpora;
круня;OpenCorpora;
крупа;OpenCorpora;
круча;OpenCorpora;
кручь;OpenCorpora;
крыло;OpenCorpora;
крыса;OpenCorpora;
крыша;OpenCorpora;
ксива;OpenCorpora;
кубик;OpenCorpora;
кубит;OpenCorpora;
кубок;OpenCorpora;
кудри;OpenCorpora;exists
кузен;OpenCorpora;
кузня;OpenCorpora;
кузов;OpenCorpora;
кукан;OpenCorpora;
кукиш;OpenCorpora;
кукла;OpenCorpora;
кукри;OpenCorpora;
кулаж;OpenCorpora;
кулак;OpenCorpora;
кулан;OpenCorpora;
кулер;OpenCorpora;
кулеш;OpenCorpora;
кулик;OpenCorpora;
кулич;OpenCorpora;
кулон;OpenCorpora;
кульм;OpenCorpora;
культ;OpenCorpora;
кулёк;OpenCorpora;exists
кумач;OpenCorpora;
кумжа;OpenCorpora;
кумир;OpenCorpora;
кумык;OpenCorpora;
кумыс;OpenCorpora;
кунак;OpenCorpora;
купаж;OpenCorpora;
купец;OpenCorpora;
купля;OpenCorpora;
купол;OpenCorpora;
купон;OpenCorpora;
кураж;OpenCorpora;
курва;OpenCorpora;exists
курия;OpenCorpora;
курок;OpenCorpora;
курос;OpenCorpora;
курта;OpenCorpora;
курья;OpenCorpora;
кусок;OpenCorpora;
кутас;OpenCorpora;
кутис;OpenCorpora;
куток;OpenCorpora;
кутта;OpenCorpora;
кутум;OpenCorpora;
кутья;OpenCorpora;
кутёж;OpenCorpora;
куфия;OpenCorpora;
кухня;OpenCorpora;
кучер;OpenCorpora;
кучка;OpenCorpora;
кушак;OpenCorpora;
кхари;OpenCorpora;
кхмер;OpenCorpora;exists
кьюпи;OpenCorpora;
кэмпо;OpenCorpora;
кювет;OpenCorpora;
кюрий;OpenCorpora;
кюрин;OpenCorpora;
кяриз;OpenCorpora;
лабаз;OpenCorpora;exists
лабух;OpenCorpora;
лаваш;OpenCorpora;
лавка;OpenCorpora;
лавра;OpenCorpora;
лагер;OpenCorpora;
ладан;OpenCorpora;
ладья;OpenCorpora;
лазер;OpenCorpora;
лайба;OpenCorpora;
лайда;OpenCorpora;
лайка;OpenCorpora;
лакей;OpenCorpora;
лакец;OpenCorpora;
ламер;OpenCorpora;
ламия;OpenCorpora;
лампа;OpenCorpora;
ламут;OpenCorpora;exists
ландо;OpenCorpora;
ланды;OpenCorpora;
ланка;OpenCorpora;
лапка;OpenCorpora;
лапта;OpenCorpora;
лапша;OpenCorpora;
ларец;OpenCorpora;
ларёк;OpenCorpora;exists
ласка;OpenCorpora;
лассо;OpenCorpora;
латка;OpenCorpora;
латук;OpenCorpora;
латыш;OpenCorpora;
лафет;OpenCorpora;
лафит;OpenCorpora;
лачок;OpenCorpora;
лбина;OpenCorpora;
лбище;OpenCorpora;
левак;OpenCorpora;
левит;OpenCorpora;
левша;OpenCorpora;
левый;OpenCorpora;
легат;OpenCorpora;
легаш;OpenCorpora;
ледок;OpenCorpora;
лежак;OpenCorpora;
лезия;OpenCorpora;
лейас;OpenCorpora;
лейбл;OpenCorpora;
лейка;OpenCorpora;exists
лекаж;OpenCorpora;
лекиф;OpenCorpora;
лемех;OpenCorpora;
лемма;OpenCorpora;
лемур;OpenCorpora;
ленок;OpenCorpora;
лента;OpenCorpora;
ленца;OpenCorpora;
лепет;OpenCorpora;
лепка;OpenCorpora;
лепра;OpenCorpora;
лепта;OpenCorpora;
лерка;OpenCorpora;exists
леска;OpenCorpora;
лесок;OpenCorpora;
лесть;OpenCorpora;
летие;OpenCorpora;
летка;OpenCorpora;
леток;OpenCorpora;
летун;OpenCorpora;
лешак;OpenCorpora;
леший;OpenCorpora;
лещик;OpenCorpora;
лиаза;OpenCorpora;
лиана;OpenCorpora;
лиард;OpenCorpora;
ливер;OpenCorpora;
лидар;OpenCorpora;
лидер;OpenCorpora;
лизат;OpenCorpora;
лизин;OpenCorpora;
лизис;OpenCorpora;
лизол;OpenCorpora;
лизун;OpenCorpora;
ликёр;OpenCorpora;
лилия;OpenCorpora;
лиман;OpenCorpora;
лимбо;OpenCorpora;
лимец;OpenCorpora;
лимит;OpenCorpora;
лимон;OpenCorpora;
лимфа;OpenCorpora;
линди;OpenCorpora;
линза;OpenCorpora;
линин;OpenCorpora;
линия;OpenCorpora;
линёк;OpenCorpora;
липец;OpenCorpora;
липид;OpenCorpora;
липка;OpenCorpora;
лирик;OpenCorpora;
лиска;OpenCorpora;
литер;OpenCorpora;
литий;OpenCorpora;
лития;OpenCorpora;
литка;OpenCorpora;
литьё;OpenCorpora;
лихач;OpenCorpora;
лихва;OpenCorpora;
лицей;OpenCorpora;
личка;OpenCorpora;
лишай;OpenCorpora;exists
лишек;OpenCorpora;
лобан;OpenCorpora;
лобби;OpenCorpora;
лобик;OpenCorpora;
лобок;OpenCorpora;
ловец;OpenCorpora;
ловля;OpenCorpora;
логик;OpenCorpora;
логин;OpenCorpora;
логос;OpenCorpora;
лодка;OpenCorpora;
ложка;OpenCorpora;
ложок;OpenCorpora;
локва;OpenCorpora;
локер;OpenCorpora;
локон;OpenCorpora;
локус;OpenCorpora;
ломик;OpenCorpora;
ломка;OpenCorpora;
лонжа;OpenCorpora;
лопух;OpenCorpora;
лорча;OpenCorpora;
лоток;OpenCorpora;
лотос;OpenCorpora;exists
лохмы;OpenCorpora;exists
лоция;OpenCorpora;
лошак;OpenCorpora;
лубок;OpenCorpora;
лужок;OpenCorpora;
лузга;OpenCorpora;
лузер;OpenCorpora;
лукно;OpenCorpora;
лунка;OpenCorpora;
лупка;OpenCorpora;
лучик;OpenCorpora;
лучок;OpenCorpora;exists
лыжня;OpenCorpora;
лыска;OpenCorpora;
лысун;OpenCorpora;
лысый;OpenCorpora;not-exists
лычко;OpenCorpora;
льяло;OpenCorpora;
любка;OpenCorpora;
люмен;OpenCorpora;
люнет;OpenCorpora;
люпин;OpenCorpora;
люпус;OpenCorpora;
лютик;OpenCorpora;
лютич;OpenCorpora;
лютня;OpenCorpora;
люффа;OpenCorpora;
лючок;OpenCorpora;
ляжка;OpenCorpora;
лямка;OpenCorpora;
ляпис;OpenCorpora;
лярва;OpenCorpora;
лёжка;OpenCorpora;
магия;OpenCorpora;
магма;OpenCorpora;
мадам;OpenCorpora;
мадия;OpenCorpora;
маета;OpenCorpora;
мажор;OpenCorpora;
мазер;OpenCorpora;
мазик;OpenCorpora;
мазка;OpenCorpora;
мазло;OpenCorpora;
мазня;OpenCorpora;
мазок;OpenCorpora;
мазут;OpenCorpora;
майка;OpenCorpora;
майна;OpenCorpora;
майор;OpenCorpora;
макао;OpenCorpora;
макет;OpenCorpora;
макса;OpenCorpora;
малец;OpenCorpora;
малик;OpenCorpora;
малка;OpenCorpora;
малое;OpenCorpora;
малый;OpenCorpora;
малыш;OpenCorpora;
мальм;OpenCorpora;
мальё;OpenCorpora;
маляр;OpenCorpora;
малёк;OpenCorpora;
мамба;OpenCorpora;
мамбо;OpenCorpora;
мамка;OpenCorpora;
мамон;OpenCorpora;
манат;OpenCorpora;
манга;OpenCorpora;
манго;OpenCorpora;
манеж;OpenCorpora;
манер;OpenCorpora;
мание;OpenCorpora;
мания;OpenCorpora;
манка;OpenCorpora;
манко;OpenCorpora;
манна;OpenCorpora;
манок;OpenCorpora;
манор;OpenCorpora;
манси;OpenCorpora;
манта;OpenCorpora;
манто;OpenCorpora;
манты;OpenCorpora;
манул;OpenCorpora;
маори;OpenCorpora;
марал;OpenCorpora;exists
марго;OpenCorpora;
маржа;OpenCorpora;
марка;OpenCorpora;
марля;OpenCorpora;
марон;OpenCorpora;
марши;OpenCorpora;
маска;OpenCorpora;
масло;OpenCorpora;
масон;OpenCorpora;
масса;OpenCorpora;
масть;OpenCorpora;
матка;OpenCorpora;
матра;OpenCorpora;
матюг;OpenCorpora;
мафия;OpenCorpora;
мафон;OpenCorpora;
махач;OpenCorpora;
махра;OpenCorpora;exists
махры;OpenCorpora;
мачок;OpenCorpora;
мачта;OpenCorpora;
мбайт;OpenCorpora;
мегом;OpenCorpora;
медиа;OpenCorpora;
медик;OpenCorpora;
медок;OpenCorpora;
медяк;OpenCorpora;exists
мезга;OpenCorpora;
мезим;OpenCorpora;
мезон;OpenCorpora;
мейоз;OpenCorpora;
мелис;OpenCorpora;
мелия;OpenCorpora;
мелок;OpenCorpora;
мелос;OpenCorpora;
мерва;OpenCorpora;
мерея;OpenCorpora;
мерин;OpenCorpora;
мерка;OpenCorpora;
месса;OpenCorpora;
место;OpenCorpora;
месть;OpenCorpora;
месье;OpenCorpora;
месяц;OpenCorpora;exists
метан;OpenCorpora;
метек;OpenCorpora;
метиз;OpenCorpora;
метик;OpenCorpora;
метил;OpenCorpora;
метис;OpenCorpora;
метка;OpenCorpora;
метла;OpenCorpora;
метод;OpenCorpora;exists
метол;OpenCorpora;
метоп;OpenCorpora;
метро;OpenCorpora;
меццо;OpenCorpora;
мечта;OpenCorpora;
мешок;OpenCorpora;
мигач;OpenCorpora;
миддл;OpenCorpora;
мидия;OpenCorpora;
мизер;OpenCorpora;
микоз;OpenCorpora;
микст;OpenCorpora;exists
милка;OpenCorpora;
милль;OpenCorpora;
милок;OpenCorpora;
минея;OpenCorpora;
минор;OpenCorpora;
минус;OpenCorpora;
минёр;OpenCorpora;
миома;OpenCorpora;
мираж;OpenCorpora;
мирза;OpenCorpora;
мирок;OpenCorpora;
мирон;OpenCorpora;
мирра;OpenCorpora;
миска;OpenCorpora;exists
митоз;OpenCorpora;
митра;OpenCorpora;
мишка;OpenCorpora;
млеко;OpenCorpora;
могар;OpenCorpora;
могол;OpenCorpora;
модем;OpenCorpora;
модус;OpenCorpora;
мойва;OpenCorpora;
мойка;OpenCorpora;
мойра;OpenCorpora;
мокко;OpenCorpora;
мокша;OpenCorpora;
молва;OpenCorpora;
молвь;OpenCorpora;
молот;OpenCorpora;
молох;OpenCorpora;
моляр;OpenCorpora;
монах;OpenCorpora;
моном;OpenCorpora;
мопед;OpenCorpora;
морда;OpenCorpora;
морин;OpenCorpora;
мороз;OpenCorpora;
морок;OpenCorpora;
морфа;OpenCorpora;
морцо;OpenCorpora;
моряк;OpenCorpora;
мосол;OpenCorpora;
мосье;OpenCorpora;
мотет;OpenCorpora;
мотив;OpenCorpora;
мотка;OpenCorpora;
мотня;OpenCorpora;
моток;OpenCorpora;
мотор;OpenCorpora;
мотто;OpenCorpora;
мохер;OpenCorpora;
мохны;OpenCorpora;
мочка;OpenCorpora;
мошка;OpenCorpora;
мошна;OpenCorpora;
мразь;OpenCorpora;
мрежа;OpenCorpora;
мудак;OpenCorpora;
мужик;OpenCorpora;
музей;OpenCorpora;
мулат;OpenCorpora;
мулла;OpenCorpora;
муляж;OpenCorpora;
мулёк;OpenCorpora;
мумия;OpenCorpora;
мумиё;OpenCorpora;
мураш;OpenCorpora;
мурза;OpenCorpora;
мурло;OpenCorpora;
мурья;OpenCorpora;
мусор;OpenCorpora;
мутон;OpenCorpora;
муфта;OpenCorpora;
мухур;OpenCorpora;
муцин;OpenCorpora;
мучка;OpenCorpora;
мушка;OpenCorpora;
мцыри;OpenCorpora;
мымра;OpenCorpora;
мысик;OpenCorpora;
мысль;OpenCorpora;
мысок;OpenCorpora;
мытьё;OpenCorpora;
мышей;OpenCorpora;
мышка;OpenCorpora;
мышца;OpenCorpora;exists
мэнор;OpenCorpora;not-exists
мэрия;OpenCorpora;
мюзет;OpenCorpora;
мюрид;OpenCorpora;exists
мюсли;OpenCorpora;
мязга;OpenCorpora;not-exists
мякиш;OpenCorpora;
мялка;OpenCorpora;
мямля;OpenCorpora;
мяско;OpenCorpora;
мясцо;OpenCorpora;
мятеж;OpenCorpora;
мятие;OpenCorpora;
мятьё;OpenCorpora;
мячик;OpenCorpora;
набат;OpenCorpora;
набег;OpenCorpora;
набоб;OpenCorpora;
набор;OpenCorpora;
навал;OpenCorpora;
навар;OpenCorpora;
навес;OpenCorpora;
навет;OpenCorpora;
навис;OpenCorpora;exists
навоз;OpenCorpora;
навой;OpenCorpora;
навык;OpenCorpora;
наган;OpenCorpora;
нагар;OpenCorpora;
нагиб;OpenCorpora;
нагон;OpenCorpora;
нагул;OpenCorpora;
надел;OpenCorpora;exists
надир;OpenCorpora;
надой;OpenCorpora;
надув;OpenCorpora;exists
наезд;OpenCorpora;
нажим;OpenCorpora;
нажин;OpenCorpora;
нажор;OpenCorpora;
назём;OpenCorpora;
найра;OpenCorpora;
наказ;OpenCorpora;
накал;OpenCorpora;
накат;OpenCorpora;
накос;OpenCorpora;
налив;OpenCorpora;exists
налим;OpenCorpora;
налог;OpenCorpora;
налой;OpenCorpora;
налёт;OpenCorpora;
намаз;OpenCorpora;
намин;OpenCorpora;
намол;OpenCorpora;
намыв;OpenCorpora;
намёк;OpenCorpora;
намёт;OpenCorpora;
нанду;OpenCorpora;
нанка;OpenCorpora;
нанос;OpenCorpora;
напев;OpenCorpora;
напой;OpenCorpora;exists
напор;OpenCorpora;
нарды;OpenCorpora;
нарез;OpenCorpora;
нарик;OpenCorpora;
народ;OpenCorpora;
нарта;OpenCorpora;
нарыв;OpenCorpora;
наряд;OpenCorpora;
насад;OpenCorpora;
насос;OpenCorpora;
насып;OpenCorpora;
натяг;OpenCorpora;
натёк;OpenCorpora;
наука;OpenCorpora;
нахал;OpenCorpora;
наход;OpenCorpora;
нация;OpenCorpora;
начин;OpenCorpora;
начёс;OpenCorpora;
начёт;OpenCorpora;
наяда;OpenCorpora;
невма;OpenCorpora;
невод;OpenCorpora;exists
невус;OpenCorpora;
негус;OpenCorpora;
недра;OpenCorpora;
недуг;OpenCorpora;
нейка;OpenCorpora;
немец;OpenCorpora;
немка;OpenCorpora;
ненец;OpenCorpora;
нения;OpenCorpora;
ненка;OpenCorpora;
нерка;OpenCorpora;exists
нерол;OpenCorpora;
нерпа;OpenCorpora;
несяк;OpenCorpora;
нефть;OpenCorpora;
нечет;OpenCorpora;
нивоз;OpenCorpora;
нивух;OpenCorpora;
низка;OpenCorpora;
низок;OpenCorpora;
нилот;OpenCorpora;
нимфа;OpenCorpora;
нинон;OpenCorpora;
нисан;OpenCorpora;
нисеи;OpenCorpora;
нитка;OpenCorpora;
нитон;OpenCorpora;
ничья;OpenCorpora;
нобль;OpenCorpora;
новик;OpenCorpora;
новое;OpenCorpora;
ножик;OpenCorpora;
ножка;OpenCorpora;
ножны;OpenCorpora;
нойон;OpenCorpora;
нолик;OpenCorpora;
номад;OpenCorpora;
номен;OpenCorpora;
номер;OpenCorpora;
нонет;OpenCorpora;
нория;OpenCorpora;
норка;OpenCorpora;exists
норма;OpenCorpora;
норов;OpenCorpora;
носач;OpenCorpora;
носик;OpenCorpora;
носка;OpenCorpora;exists
носок;OpenCorpora;
нотис;OpenCorpora;exists
нотка;OpenCorpora;exists
ночва;OpenCorpora;
ночка;OpenCorpora;
нубия;OpenCorpora;
нужда;OpenCorpora;
нукер;OpenCorpora;
нулик;OpenCorpora;
нутро;OpenCorpora;
нырок;OpenCorpora;
нытик;OpenCorpora;
нытьё;OpenCorpora;
нюанс;OpenCorpora;
нюхач;OpenCorpora;
няшка;OpenCorpora;
оазис;OpenCorpora;
обвал;OpenCorpora;
обвес;OpenCorpora;
обвод;OpenCorpora;
обвоз;OpenCorpora;
обгон;OpenCorpora;
обдир;OpenCorpora;
обдув;OpenCorpora;
обжиг;OpenCorpora;
обжим;OpenCorpora;
обжин;OpenCorpora;
обжог;OpenCorpora;
обзол;OpenCorpora;
обзор;OpenCorpora;
обида;OpenCorpora;
обкат;OpenCorpora;
обком;OpenCorpora;
облик;OpenCorpora;
облов;OpenCorpora;
облог;OpenCorpora;
облой;OpenCorpora;
облом;OpenCorpora;
облёт;OpenCorpora;
обман;OpenCorpora;
обмен;OpenCorpora;
обмер;OpenCorpora;exists
обмин;OpenCorpora;
обмол;OpenCorpora;
обмыв;OpenCorpora;
обмёт;OpenCorpora;
обнос;OpenCorpora;
обора;OpenCorpora;
образ;OpenCorpora;
обрат;OpenCorpora;
обрез;OpenCorpora;
оброк;OpenCorpora;
обруб;OpenCorpora;
обруч;OpenCorpora;
обрыв;OpenCorpora;
обряд;OpenCorpora;
обсев;OpenCorpora;
обувь;OpenCorpora;
обуза;OpenCorpora;
обход;OpenCorpora;
общак;OpenCorpora;
объём;OpenCorpora;exists
обыск;OpenCorpora;
овизм;OpenCorpora;
овраг;OpenCorpora;
овсец;OpenCorpora;
овсюг;OpenCorpora;
овчар;OpenCorpora;
огива;OpenCorpora;
огонь;OpenCorpora;
огрех;OpenCorpora;
одеон;OpenCorpora;
одурь;OpenCorpora;
одёжа;OpenCorpora;
озеро;OpenCorpora;
озимь;OpenCorpora;
озноб;OpenCorpora;
ойрот;OpenCorpora;
окапи;OpenCorpora;
океан;OpenCorpora;exists
окись;OpenCorpora;
оклад;OpenCorpora;
оклик;OpenCorpora;
окова;OpenCorpora;
окорм;OpenCorpora;
окоём;OpenCorpora;
окрас;OpenCorpora;
окрик;OpenCorpora;
окрол;OpenCorpora;
округ;OpenCorpora;
оксид;OpenCorpora;
октан;OpenCorpora;
октет;OpenCorpora;
октил;OpenCorpora;
октод;OpenCorpora;
окунь;OpenCorpora;
олеат;OpenCorpora;
олеин;OpenCorpora;
олень;OpenCorpora;
олеум;OpenCorpora;
олива;OpenCorpora;
олифа;OpenCorpora;
олово;OpenCorpora;
олуша;OpenCorpora;
ольпа;OpenCorpora;
ольха;OpenCorpora;
омега;OpenCorpora;
омела;OpenCorpora;
омлет;OpenCorpora;
омуль;OpenCorpora;
онагр;OpenCorpora;
оникс;OpenCorpora;
онуча;OpenCorpora;
оолит;OpenCorpora;
опала;OpenCorpora;
опара;OpenCorpora;
опека;OpenCorpora;
опера;OpenCorpora;
опиат;OpenCorpora;
опись;OpenCorpora;
опиум;OpenCorpora;
оплот;OpenCorpora;
оплыв;OpenCorpora;
опоек;OpenCorpora;
опока;OpenCorpora;
опора;OpenCorpora;
опрос;OpenCorpora;
оптик;OpenCorpora;
опуск;OpenCorpora;
опция;OpenCorpora;
орава;OpenCorpora;
орало;OpenCorpora;
орарь;OpenCorpora;
орган;OpenCorpora;
оргия;OpenCorpora;
орден;OpenCorpora;
ордер;OpenCorpora;
ореол;OpenCorpora;
орикс;OpenCorpora;
орлан;OpenCorpora;
орлец;OpenCorpora;
орлик;OpenCorpora;
орлоп;OpenCorpora;
орляк;OpenCorpora;
орсин;OpenCorpora;
ортит;OpenCorpora;
орхит;OpenCorpora;
оршад;OpenCorpora;
осада;OpenCorpora;
осень;OpenCorpora;
осина;OpenCorpora;
оскал;OpenCorpora;
оскар;OpenCorpora;
ослик;OpenCorpora;
ослоп;OpenCorpora;
осляк;OpenCorpora;
осмий;OpenCorpora;
осмол;OpenCorpora;
осмос;OpenCorpora;
особа;OpenCorpora;
особь;OpenCorpora;
осоед;OpenCorpora;
осока;OpenCorpora;
остит;OpenCorpora;
остов;OpenCorpora;
остяк;OpenCorpora;
осыпь;OpenCorpora;
осётр;OpenCorpora;
отава;OpenCorpora;
отаку;OpenCorpora;not-exists
отара;OpenCorpora;exists
отбел;OpenCorpora;
отбив;OpenCorpora;exists
отбой;OpenCorpora;exists
отбор;OpenCorpora;
отвал;OpenCorpora;
отвар;OpenCorpora;
отвес;OpenCorpora;
ответ;OpenCorpora;
отвод;OpenCorpora;
отвоз;OpenCorpora;
отгиб;OpenCorpora;
отгон;OpenCorpora;
отгул;OpenCorpora;
отдел;OpenCorpora;
отдух;OpenCorpora;
отдых;OpenCorpora;
отель;OpenCorpora;
отжиг;OpenCorpora;
отжим;OpenCorpora;
отзол;OpenCorpora;
отзыв;OpenCorpora;
отказ;OpenCorpora;
откат;OpenCorpora;
откол;OpenCorpora;
откос;OpenCorpora;
откуп;OpenCorpora;
откус;OpenCorpora;
отлив;OpenCorpora;
отлов;OpenCorpora;
отлуп;OpenCorpora;
отлёт;OpenCorpora;
отмах;OpenCorpora;
отмин;OpenCorpora;
относ;OpenCorpora;
отпад;OpenCorpora;
отпай;OpenCorpora;
отпор;OpenCorpora;
отрез;OpenCorpora;
отрог;OpenCorpora;
отрок;OpenCorpora;
отруб;OpenCorpora;
отрыв;OpenCorpora;
отряд;OpenCorpora;
отсев;OpenCorpora;
отсек;OpenCorpora;
отсос;OpenCorpora;
отток;OpenCorpora;exists
оттёк;OpenCorpora;
отход;OpenCorpora;
отцеп;OpenCorpora;
отчал;OpenCorpora;
отчим;OpenCorpora;
отчёт;OpenCorpora;
отшиб;OpenCorpora;
отъём;OpenCorpora;exists
офеня;OpenCorpora;
офорт;OpenCorpora;
офсет;OpenCorpora;
офшор;OpenCorpora;
охват;OpenCorpora;
охота;OpenCorpora;
очерк;OpenCorpora;
очкур;OpenCorpora;
очник;OpenCorpora;
ошеек;OpenCorpora;
ощупь;OpenCorpora;
падеж;OpenCorpora;
падла;OpenCorpora;
падло;OpenCorpora;
падре;OpenCorpora;
падуб;OpenCorpora;
падун;OpenCorpora;
падёж;OpenCorpora;
пазок;OpenCorpora;
пайка;OpenCorpora;
пайса;OpenCorpora;
пакер;OpenCorpora;
пакет;OpenCorpora;
пакля;OpenCorpora;
палас;OpenCorpora;
палац;OpenCorpora;
палач;OpenCorpora;
палаш;OpenCorpora;
палец;OpenCorpora;
палея;OpenCorpora;
палия;OpenCorpora;
палка;OpenCorpora;
палла;OpenCorpora;
палюс;OpenCorpora;
пампа;OpenCorpora;
панаш;OpenCorpora;
панга;OpenCorpora;
панда;OpenCorpora;
панна;OpenCorpora;
панно;OpenCorpora;
панты;OpenCorpora;
паныч;OpenCorpora;
паоло;OpenCorpora;
папик;OpenCorpora;
папка;OpenCorpora;
парад;OpenCorpora;
параф;OpenCorpora;
парез;OpenCorpora;
парик;OpenCorpora;
пария;OpenCorpora;
парка;OpenCorpora;exists
парод;OpenCorpora;
парок;OpenCorpora;exists
паром;OpenCorpora;exists
парси;OpenCorpora;
парта;OpenCorpora;
парус;OpenCorpora;
парфе;OpenCorpora;
парча;OpenCorpora;
парша;OpenCorpora;
пасмо;OpenCorpora;
паста;OpenCorpora;
пасть;OpenCorpora;
пасха;OpenCorpora;
пасюк;OpenCorpora;
патан;OpenCorpora;
патер;OpenCorpora;
патио;OpenCorpora;
патлы;OpenCorpora;
патуа;OpenCorpora;
пауза;OpenCorpora;
пафос;OpenCorpora;
пахан;OpenCorpora;
пахви;OpenCorpora;
пахит;OpenCorpora;
пахта;OpenCorpora;
пацан;OpenCorpora;
пачка;OpenCorpora;
пашня;OpenCorpora;exists
пашот;OpenCorpora;
певец;OpenCorpora;
певун;OpenCorpora;exists
пегас;OpenCorpora;
пекан;OpenCorpora;
пекло;OpenCorpora;exists
пелеа;OpenCorpora;
пелит;OpenCorpora;
пемза;OpenCorpora;
пенал;OpenCorpora;
пение;OpenCorpora;
пенис;OpenCorpora;exists
пенка;OpenCorpora;
пенни;OpenCorpora;
пенёк;OpenCorpora;
пепел;OpenCorpora;
пепин;OpenCorpora;
пепси;OpenCorpora;
перга;OpenCorpora;
перец;OpenCorpora;
перль;OpenCorpora;
перри;OpenCorpora;
перси;OpenCorpora;
перст;OpenCorpora;
перёд;OpenCorpora;
песец;OpenCorpora;
песня;OpenCorpora;exists
песок;OpenCorpora;
петаз;OpenCorpora;
петел;OpenCorpora;
петит;OpenCorpora;
петля;OpenCorpora;
петух;OpenCorpora;
печка;OpenCorpora;
пешка;OpenCorpora;
пешня;OpenCorpora;exists
пещур;OpenCorpora;
пиала;OpenCorpora;
пивко;OpenCorpora;
пивцо;OpenCorpora;
пигус;OpenCorpora;
пидор;OpenCorpora;not-exists
пиета;OpenCorpora;
пижма;OpenCorpora;
пижон;OpenCorpora;
пизда;OpenCorpora;not-exists
пикап;OpenCorpora;
пикет;OpenCorpora;
пикон;OpenCorpora;
пикша;OpenCorpora;
пикёр;OpenCorpora;
пилав;OpenCorpora;
пилка;OpenCorpora;
пилон;OpenCorpora;
пилот;OpenCorpora;
пилум;OpenCorpora;
пиния;OpenCorpora;
пинок;OpenCorpora;
пинта;OpenCorpora;
пипка;OpenCorpora;
пират;OpenCorpora;
пирен;OpenCorpora;
пирит;OpenCorpora;
пирке;OpenCorpora;
пирог;OpenCorpora;
пирон;OpenCorpora;
пироп;OpenCorpora;
писец;OpenCorpora;exists
писун;OpenCorpora;
питие;OpenCorpora;
питон;OpenCorpora;
питта;OpenCorpora;
питух;OpenCorpora;
питьё;OpenCorpora;exists
пифия;OpenCorpora;
пифос;OpenCorpora;
пихта;OpenCorpora;
пицца;OpenCorpora;
пичок;OpenCorpora;
пищик;OpenCorpora;
плавь;OpenCorpora;
плайя;OpenCorpora;
пламя;OpenCorpora;exists
пласт;OpenCorpora;
плата;OpenCorpora;
плато;OpenCorpora;
плаун;OpenCorpora;
плаха;OpenCorpora;
плебс;OpenCorpora;
плева;OpenCorpora;
плеер;OpenCorpora;
племя;OpenCorpora;
плена;OpenCorpora;
плеск;OpenCorpora;
плеть;OpenCorpora;
плечо;OpenCorpora;
плешь;OpenCorpora;
плинт;OpenCorpora;exists
плита;OpenCorpora;
плица;OpenCorpora;
плоть;OpenCorpora;
плюха;OpenCorpora;
пнище;OpenCorpora;
побег;OpenCorpora;
побои;OpenCorpora;
побор;OpenCorpora;
повал;OpenCorpora;
повар;OpenCorpora;exists
повет;OpenCorpora;
повод;OpenCorpora;
повой;OpenCorpora;
погиб;OpenCorpora;
погон;OpenCorpora;
подий;OpenCorpora;
подог;OpenCorpora;
подол;OpenCorpora;
поезд;OpenCorpora;
пожар;OpenCorpora;
пожня;OpenCorpora;
пожог;OpenCorpora;
позор;OpenCorpora;
позыв;OpenCorpora;
позём;OpenCorpora;
позёр;OpenCorpora;
поиск;OpenCorpora;
пойка;OpenCorpora;
пойло;OpenCorpora;
пойма;OpenCorpora;
пойнт;OpenCorpora;
показ;OpenCorpora;
покат;OpenCorpora;
покер;OpenCorpora;
покет;OpenCorpora;
покои;OpenCorpora;exists
покой;OpenCorpora;
покос;OpenCorpora;
полба;OpenCorpora;exists
полив;OpenCorpora;
полип;OpenCorpora;
полир;OpenCorpora;
полис;OpenCorpora;exists
полка;OpenCorpora;exists
полог;OpenCorpora;
полоз;OpenCorpora;
полок;OpenCorpora;
полом;OpenCorpora;
полон;OpenCorpora;
полть;OpenCorpora;
полье;OpenCorpora;
полюс;OpenCorpora;
поляк;OpenCorpora;
полёт;OpenCorpora;
помин;OpenCorpora;
помои;OpenCorpora;
помол;OpenCorpora;
помор;OpenCorpora;
помпа;OpenCorpora;
помёт;OpenCorpora;
понор;OpenCorpora;
понос;OpenCorpora;
понто;OpenCorpora;
пончо;OpenCorpora;
понюх;OpenCorpora;
попик;OpenCorpora;
попка;OpenCorpora;
попса;OpenCorpora;
порез;OpenCorpora;
порей;OpenCorpora;
порка;OpenCorpora;
порно;OpenCorpora;
порог;OpenCorpora;
пороз;OpenCorpora;
порок;OpenCorpora;
порос;OpenCorpora;
порох;OpenCorpora;exists
порск;OpenCorpora;exists
порто;OpenCorpora;
порты;OpenCorpora;
порча;OpenCorpora;
порыв;OpenCorpora;
посад;OpenCorpora;
посев;OpenCorpora;
посол;OpenCorpora;
посох;OpenCorpora;
посул;OpenCorpora;
посыл;OpenCorpora;
поташ;OpenCorpora;
потир;OpenCorpora;
поток;OpenCorpora;exists
потоп;OpenCorpora;
потто;OpenCorpora;
потяг;OpenCorpora;
потёк;OpenCorpora;exists
поход;OpenCorpora;
похул;OpenCorpora;
почва;OpenCorpora;exists
почин;OpenCorpora;
почка;OpenCorpora;
почта;OpenCorpora;
почёт;OpenCorpora;
пошиб;OpenCorpora;
пошив;OpenCorpora;
поэма;OpenCorpora;
право;OpenCorpora;exists
прайд;OpenCorpora;
прайс;OpenCorpora;
праща;OpenCorpora;
прель;OpenCorpora;
преон;OpenCorpora;
пресс;OpenCorpora;
прима;OpenCorpora;
принц;OpenCorpora;
приор;OpenCorpora;
приуз;OpenCorpora;
причт;OpenCorpora;
приют;OpenCorpora;
приём;OpenCorpora;
проба;OpenCorpora;
прога;OpenCorpora;
проза;OpenCorpora;
пропс;OpenCorpora;
просо;OpenCorpora;
профи;OpenCorpora;
проём;OpenCorpora;
прусс;OpenCorpora;
пруша;OpenCorpora;
прыть;OpenCorpora;
прядь;OpenCorpora;
пряжа;OpenCorpora;
пряха;OpenCorpora;
псарь;OpenCorpora;
псина;OpenCorpora;
псион;OpenCorpora;
псица;OpenCorpora;
птаха;OpenCorpora;
птица;OpenCorpora;
пуалю;OpenCorpora;
пуант;OpenCorpora;
пугач;OpenCorpora;
пуджа;OpenCorpora;
пудик;OpenCorpora;
пудра;OpenCorpora;
пузан;OpenCorpora;
пузач;OpenCorpora;
пукля;OpenCorpora;exists
пульс;OpenCorpora;
пульт;OpenCorpora;
пункт;OpenCorpora;
пупок;OpenCorpora;
пурга;OpenCorpora;
пурим;OpenCorpora;
пурин;OpenCorpora;
пурка;OpenCorpora;
путец;OpenCorpora;
путло;OpenCorpora;
путля;OpenCorpora;
пуфик;OpenCorpora;
пучок;OpenCorpora;
пушка;OpenCorpora;exists
пушок;OpenCorpora;
пушту;OpenCorpora;
пчела;OpenCorpora;
пшено;OpenCorpora;
пыжик;OpenCorpora;
пырей;OpenCorpora;
пытка;OpenCorpora;
пышка;OpenCorpora;
пьеза;OpenCorpora;
пьеро;OpenCorpora;
пьеса;OpenCorpora;
пьянь;OpenCorpora;
пялка;OpenCorpora;
пясть;OpenCorpora;
пятак;OpenCorpora;
пятка;OpenCorpora;
пятно;OpenCorpora;
пяток;OpenCorpora;
пёрка;OpenCorpora;
пёсик;OpenCorpora;
радар;OpenCorpora;
раджа;OpenCorpora;
радий;OpenCorpora;
радио;OpenCorpora;
радон;OpenCorpora;
разер;OpenCorpora;
разик;OpenCorpora;
разок;OpenCorpora;
разор;OpenCorpora;
разум;OpenCorpora;
раина;OpenCorpora;
райна;OpenCorpora;
район;OpenCorpora;
ракия;OpenCorpora;
ракля;OpenCorpora;
ракун;OpenCorpora;
ракша;OpenCorpora;
ралли;OpenCorpora;
рамка;OpenCorpora;
рамми;OpenCorpora;
рампа;OpenCorpora;
ранет;OpenCorpora;
ранец;OpenCorpora;
ранка;OpenCorpora;
ранчо;OpenCorpora;
рапид;OpenCorpora;
растр;OpenCorpora;
ратай;OpenCorpora;
ратин;OpenCorpora;
раунд;OpenCorpora;
рафик;OpenCorpora;
рафия;OpenCorpora;
рахис;OpenCorpora;
рахит;OpenCorpora;
рацея;OpenCorpora;
рация;OpenCorpora;
рачок;OpenCorpora;
рвань;OpenCorpora;
рвота;OpenCorpora;
рдест;OpenCorpora;
ребек;OpenCorpora;
ребро;OpenCorpora;
ребус;OpenCorpora;
ревун;OpenCorpora;
регби;OpenCorpora;
регги;OpenCorpora;
редан;OpenCorpora;
редис;OpenCorpora;
редут;OpenCorpora;
режим;OpenCorpora;
резак;OpenCorpora;
резен;OpenCorpora;
резец;OpenCorpora;
резит;OpenCorpora;
резка;OpenCorpora;
резня;OpenCorpora;
резол;OpenCorpora;
резон;OpenCorpora;
резус;OpenCorpora;
рейка;OpenCorpora;
релиз;OpenCorpora;
релин;OpenCorpora;
релит;OpenCorpora;
рельс;OpenCorpora;
ремез;OpenCorpora;
ремиз;OpenCorpora;
ренет;OpenCorpora;
рений;OpenCorpora;
ренин;OpenCorpora;
рента;OpenCorpora;
репей;OpenCorpora;
репер;OpenCorpora;
репка;OpenCorpora;
ретро;OpenCorpora;
речка;OpenCorpora;
решка;OpenCorpora;
ржище;OpenCorpora;
рибоп;OpenCorpora;
ридер;OpenCorpora;
ризом;OpenCorpora;
рикша;OpenCorpora;
ринит;OpenCorpora;
рипус;OpenCorpora;
риска;OpenCorpora;exists
рисёч;OpenCorpora;
ритор;OpenCorpora;
рифля;OpenCorpora;
рифма;OpenCorpora;
рицин;OpenCorpora;
ришта;OpenCorpora;
робот;OpenCorpora;
ровер;OpenCorpora;
ровик;OpenCorpora;
ровня;OpenCorpora;
рогач;OpenCorpora;
рогоз;OpenCorpora;
родео;OpenCorpora;
родий;OpenCorpora;
родич;OpenCorpora;
родня;OpenCorpora;
рожок;OpenCorpora;
рожон;OpenCorpora;
розан;OpenCorpora;
розга;OpenCorpora;
рознь;OpenCorpora;
ройба;OpenCorpora;
рокер;OpenCorpora;
рокот;OpenCorpora;
ролик;OpenCorpora;
роман;OpenCorpora;
ромэн;OpenCorpora;
рондо;OpenCorpora;
ронжа;OpenCorpora;
ропак;OpenCorpora;
ропот;OpenCorpora;
ростр;OpenCorpora;
ротик;OpenCorpora;
роток;OpenCorpora;
ротон;OpenCorpora;
ротор;OpenCorpora;
рохля;OpenCorpora;
рояль;OpenCorpora;
ртище;OpenCorpora;
ртуть;OpenCorpora;
рубеж;OpenCorpora;
рубец;OpenCorpora;
рубин;OpenCorpora;
рубка;OpenCorpora;
рубль;OpenCorpora;
ругня;OpenCorpora;
рудяк;OpenCorpora;
ружьё;OpenCorpora;
руина;OpenCorpora;
рукав;OpenCorpora;
рулет;OpenCorpora;
рулон;OpenCorpora;
румба;OpenCorpora;
румын;OpenCorpora;
рунет;OpenCorpora;
рунец;OpenCorpora;
рупия;OpenCorpora;
рупор;OpenCorpora;
русак;OpenCorpora;
русин;OpenCorpora;
русич;OpenCorpora;
русло;OpenCorpora;
рутил;OpenCorpora;
ручей;OpenCorpora;
ручка;OpenCorpora;
рыбак;OpenCorpora;exists
рыбец;OpenCorpora;
рыбка;OpenCorpora;
рывок;OpenCorpora;
рыжей;OpenCorpora;
рыжий;OpenCorpora;
рыжик;OpenCorpora;
рында;OpenCorpora;
рынок;OpenCorpora;
рысак;OpenCorpora;
рысца;OpenCorpora;
рытьё;OpenCorpora;
рычаг;OpenCorpora;
рэкет;OpenCorpora;
рэлей;OpenCorpora;
рэпер;OpenCorpora;
рюмка;OpenCorpora;
рюшка;OpenCorpora;
рябок;OpenCorpora;
рядно;OpenCorpora;
рядок;OpenCorpora;
ряска;OpenCorpora;
ряшка;OpenCorpora;
саами;OpenCorpora;exists
сабан;OpenCorpora;
сабза;OpenCorpora;
сабля;OpenCorpora;exists
сабур;OpenCorpora;
саван;OpenCorpora;
савка;OpenCorpora;
саган;OpenCorpora;
сагиб;OpenCorpora;
саджа;OpenCorpora;
садик;OpenCorpora;
садка;OpenCorpora;
садок;OpenCorpora;
садху;OpenCorpora;
сазан;OpenCorpora;
сайга;OpenCorpora;
сайда;OpenCorpora;
сайка;OpenCorpora;
сайра;OpenCorpora;
саква;OpenCorpora;
сакля;OpenCorpora;
салат;OpenCorpora;exists
салеп;OpenCorpora;
салка;OpenCorpora;
салки;OpenCorpora;
салол;OpenCorpora;
салон;OpenCorpora;
салоп;OpenCorpora;
салун;OpenCorpora;
салют;OpenCorpora;
саман;OpenCorpora;
самба;OpenCorpora;
самбо;OpenCorpora;
самец;OpenCorpora;
самка;OpenCorpora;
самум;OpenCorpora;
санки;OpenCorpora;not-exists
сапка;OpenCorpora;
сапог;OpenCorpora;
сапун;OpenCorpora;
сапёр;OpenCorpora;
сарай;OpenCorpora;
саран;OpenCorpora;
сарго;OpenCorpora;
саржа;OpenCorpora;
сарос;OpenCorpora;
сарыч;OpenCorpora;
сатин;OpenCorpora;exists
сатир;OpenCorpora;
сауна;OpenCorpora;
сауэр;OpenCorpora;
сахар;OpenCorpora;
сахиб;OpenCorpora;
сачок;OpenCorpora;
сброд;OpenCorpora;exists
сброс;OpenCorpora;
сбруя;OpenCorpora;
свами;OpenCorpora;
свара;OpenCorpora;
сваха;OpenCorpora;
свеча;OpenCorpora;
свиль;OpenCorpora;
свинг;OpenCorpora;
свист;OpenCorpora;
свита;OpenCorpora;
свитч;OpenCorpora;
свора;OpenCorpora;
свояк;OpenCorpora;
связь;OpenCorpora;
сглаз;OpenCorpora;
сдача;OpenCorpora;
сдвиг;OpenCorpora;exists
сдоба;OpenCorpora;
сеанс;OpenCorpora;
севак;OpenCorpora;
север;OpenCorpora;
севец;OpenCorpora;
севок;OpenCorpora;
седан;OpenCorpora;
седер;OpenCorpora;
седло;OpenCorpora;
седок;OpenCorpora;
сезам;OpenCorpora;
сезон;OpenCorpora;
секач;OpenCorpora;
секта;OpenCorpora;
селен;OpenCorpora;
селфи;OpenCorpora;
семик;OpenCorpora;
семит;OpenCorpora;
семпл;OpenCorpora;
семья;OpenCorpora;
сенаж;OpenCorpora;
сенат;OpenCorpora;
сенцо;OpenCorpora;
сенцы;OpenCorpora;
сепия;OpenCorpora;
септа;OpenCorpora;
серак;OpenCorpora;
серао;OpenCorpora;
серин;OpenCorpora;
сериф;OpenCorpora;
серия;OpenCorpora;
серка;OpenCorpora;
серко;OpenCorpora;
серна;OpenCorpora;exists
серсо;OpenCorpora;
серум;OpenCorpora;
серяк;OpenCorpora;
сеста;OpenCorpora;
сетка;OpenCorpora;
сечка;OpenCorpora;
сиаль;OpenCorpora;
сивер;OpenCorpora;
сивка;OpenCorpora;
сивко;OpenCorpora;
сивуч;OpenCorpora;
сигма;OpenCorpora;
сидка;OpenCorpora;
сидхи;OpenCorpora;
сиена;OpenCorpora;
сижок;OpenCorpora;
сизиф;OpenCorpora;
сизяк;OpenCorpora;
сикоз;OpenCorpora;
силан;OpenCorpora;
силач;OpenCorpora;
силен;OpenCorpora;
силок;OpenCorpora;
силон;OpenCorpora;
силос;OpenCorpora;
силур;OpenCorpora;
сильф;OpenCorpora;
симка;OpenCorpora;
синап;OpenCorpora;
сингл;OpenCorpora;
синец;OpenCorpora;
синод;OpenCorpora;exists
синус;OpenCorpora;
синяк;OpenCorpora;
сипай;OpenCorpora;
сирин;OpenCorpora;
сироп;OpenCorpora;
систр;OpenCorpora;
ситар;OpenCorpora;
ситец;OpenCorpora;exists
ситро;OpenCorpora;
ситце;OpenCorpora;
сифон;OpenCorpora;
скала;OpenCorpora;
скало;OpenCorpora;
скань;OpenCorpora;
скарб;OpenCorpora;
скарн;OpenCorpora;
скаут;OpenCorpora;
сквер;OpenCorpora;
сквид;OpenCorpora;
сквоб;OpenCorpora;
сквот;OpenCorpora;
сквош;OpenCorpora;
скейт;OpenCorpora;
скетч;OpenCorpora;
скирд;OpenCorpora;
скирр;OpenCorpora;
скифл;OpenCorpora;
склад;OpenCorpora;
склеп;OpenCorpora;
склиз;OpenCorpora;
склон;OpenCorpora;
скоба;OpenCorpora;
скопа;OpenCorpora;
скора;OpenCorpora;
скорм;OpenCorpora;
скотч;OpenCorpora;
скраб;OpenCorpora;exists
скрап;OpenCorpora;
скреп;OpenCorpora;
скриб;OpenCorpora;not-exists
скрип;OpenCorpora;
скуба;OpenCorpora;
скудо;OpenCorpora;
скука;OpenCorpora;
скула;OpenCorpora;
скунс;OpenCorpora;
скуче;OpenCorpora;
слава;OpenCorpora;
слайд;OpenCorpora;
слега;OpenCorpora;exists
слеза;OpenCorpora;
сленг;OpenCorpora;
слива;OpenCorpora;
слизь;OpenCorpora;
слинг;OpenCorpora;
слово;OpenCorpora;
слуга;OpenCorpora;
слюда;OpenCorpora;
слюна;OpenCorpora;
слюни;OpenCorpora;
смазь;OpenCorpora;
смайл;OpenCorpora;
смейз;OpenCorpora;
смена;OpenCorpora;
смерд;OpenCorpora;
смерч;OpenCorpora;
смесь;OpenCorpora;
смета;OpenCorpora;
смола;OpenCorpora;
смоль;OpenCorpora;
смотр;OpenCorpora;
смрад;OpenCorpora;
смска;OpenCorpora;
смута;OpenCorpora;
смысл;OpenCorpora;
снарк;OpenCorpora;
снедь;OpenCorpora;
сница;OpenCorpora;
сноси;OpenCorpora;
сноха;OpenCorpora;
сныть;OpenCorpora;
собес;OpenCorpora;
собор;OpenCorpora;
совет;OpenCorpora;
совик;OpenCorpora;
совка;OpenCorpora;
совок;OpenCorpora;
содар;OpenCorpora;
содом;OpenCorpora;
созыв;OpenCorpora;
сойка;OpenCorpora;
сойма;OpenCorpora;
сойот;OpenCorpora;
сокет;OpenCorpora;
сокол;OpenCorpora;exists
солея;OpenCorpora;
солка;OpenCorpora;exists
солод;OpenCorpora;
сомик;OpenCorpora;
сомит;OpenCorpora;
сонар;OpenCorpora;
сонет;OpenCorpora;exists
сопка;OpenCorpora;
сопло;OpenCorpora;
сопля;OpenCorpora;
сопор;OpenCorpora;
сопун;OpenCorpora;
сорго;OpenCorpora;
сорит;OpenCorpora;
сором;OpenCorpora;
сорус;OpenCorpora;
сосед;OpenCorpora;
сосец;OpenCorpora;
соска;OpenCorpora;exists
сосна;OpenCorpora;
сосок;OpenCorpora;
сосуд;OpenCorpora;
сосун;OpenCorpora;
сотая;OpenCorpora;
сотка;OpenCorpora;
сотня;OpenCorpora;
софит;OpenCorpora;
сочок;OpenCorpora;
сошка;OpenCorpora;
спаги;OpenCorpora;
спазм;OpenCorpora;
спекл;OpenCorpora;
спель;OpenCorpora;
спесь;OpenCorpora;
спиды;OpenCorpora;not-exists
спина;OpenCorpora;
спирт;OpenCorpora;
спица;OpenCorpora;
сплав;OpenCorpora;
сплин;OpenCorpora;exists
спора;OpenCorpora;exists
спорт;OpenCorpora;
сприт;OpenCorpora;
спрос;OpenCorpora;
спрут;OpenCorpora;
спурт;OpenCorpora;
спуск;OpenCorpora;
спюрк;OpenCorpora;
срань;OpenCorpora;
среда;OpenCorpora;
срост;OpenCorpora;
ссора;OpenCorpora;exists
ссуда;OpenCorpora;
стадо;OpenCorpora;
сталь;OpenCorpora;
станс;OpenCorpora;
старн;OpenCorpora;
старт;OpenCorpora;
старь;OpenCorpora;
стать;OpenCorpora;exists
стаут;OpenCorpora;
ствол;OpenCorpora;exists
створ;OpenCorpora;
стега;OpenCorpora;
стезя;OpenCorpora;
стейк;OpenCorpora;
стека;OpenCorpora;
стела;OpenCorpora;
стелс;OpenCorpora;
стель;OpenCorpora;
стена;OpenCorpora;exists
стенд;OpenCorpora;
степс;OpenCorpora;
степь;OpenCorpora;
стерх;OpenCorpora;
стило;OpenCorpora;
стиль;OpenCorpora;
стинг;OpenCorpora;
стоик;OpenCorpora;
стокс;OpenCorpora;
столб;OpenCorpora;
столп;OpenCorpora;
стома;OpenCorpora;
стомп;OpenCorpora;
стопа;OpenCorpora;
стоун;OpenCorpora;
стояк;OpenCorpora;
страж;OpenCorpora;exists
страз;OpenCorpora;
страх;OpenCorpora;
стриж;OpenCorpora;
стрим;OpenCorpora;exists
стрип;OpenCorpora;
стрит;OpenCorpora;
строб;OpenCorpora;
строй;OpenCorpora;
строп;OpenCorpora;
струг;OpenCorpora;
струп;OpenCorpora;
струя;OpenCorpora;
стужа;OpenCorpora;
ступа;OpenCorpora;
суаре;OpenCorpora;
субиз;OpenCorpora;
сувой;OpenCorpora;
судак;OpenCorpora;
судия;OpenCorpora;
судно;OpenCorpora;
судок;OpenCorpora;
судья;OpenCorpora;
суета;OpenCorpora;
суинг;OpenCorpora;
сукно;OpenCorpora;
сулея;OpenCorpora;
сулой;OpenCorpora;
сулок;OpenCorpora;
сумах;OpenCorpora;
сумка;OpenCorpora;
сумма;OpenCorpora;
сумёт;OpenCorpora;
сунна;OpenCorpora;
суоми;OpenCorpora;
супец;OpenCorpora;
супин;OpenCorpora;
суржа;OpenCorpora;
сурик;OpenCorpora;
сурок;OpenCorpora;
сусак;OpenCorpora;
сусек;OpenCorpora;
сусло;OpenCorpora;
сутаж;OpenCorpora;
сутки;OpenCorpora;
сутра;OpenCorpora;
суфий;OpenCorpora;
суфле;OpenCorpora;
сучка;OpenCorpora;exists
сучок;OpenCorpora;
сушка;OpenCorpora;
сущик;OpenCorpora;
сфера;OpenCorpora;
схват;OpenCorpora;
схема;OpenCorpora;
схима;OpenCorpora;
сцена;OpenCorpora;
сцинк;OpenCorpora;
счёты;OpenCorpora;
съезд;OpenCorpora;
сынок;OpenCorpora;
сыпец;OpenCorpora;
сырец;OpenCorpora;
сырок;OpenCorpora;
сырть;OpenCorpora;
сырца;OpenCorpora;
сырьё;OpenCorpora;
сычуг;OpenCorpora;exists
сыщик;OpenCorpora;
сэбин;OpenCorpora;
сэгуэ;OpenCorpora;
сэньо;OpenCorpora;
сюжет;OpenCorpora;
сюита;OpenCorpora;exists
сявка;OpenCorpora;
сяжок;OpenCorpora;
сёгун;OpenCorpora;
сёмга;OpenCorpora;
табак;OpenCorpora;
табес;OpenCorpora;
табла;OpenCorpora;
табло;OpenCorpora;
табор;OpenCorpora;
табун;OpenCorpora;
тавот;OpenCorpora;
тавро;OpenCorpora;
таган;OpenCorpora;
тагос;OpenCorpora;
тазик;OpenCorpora;
тайга;OpenCorpora;
тайка;OpenCorpora;
таймс;OpenCorpora;
тайна;OpenCorpora;
такин;OpenCorpora;
такса;OpenCorpora;
такси;OpenCorpora;
такыр;OpenCorpora;
талан;OpenCorpora;
талер;OpenCorpora;
талес;OpenCorpora;
талиб;OpenCorpora;
талик;OpenCorpora;
талис;OpenCorpora;
талия;OpenCorpora;
талон;OpenCorpora;
талыш;OpenCorpora;
тальк;OpenCorpora;
талья;OpenCorpora;
тамга;OpenCorpora;
тамил;OpenCorpora;
танго;OpenCorpora;
танец;OpenCorpora;
танид;OpenCorpora;
танин;OpenCorpora;
тапас;OpenCorpora;
тапир;OpenCorpora;
тапка;OpenCorpora;
тапёр;OpenCorpora;
таран;OpenCorpora;
тариф;OpenCorpora;
таска;OpenCorpora;
таста;OpenCorpora;
татка;OpenCorpora;
татра;OpenCorpora;
тафта;OpenCorpora;
тафья;OpenCorpora;
тахта;OpenCorpora;
тацет;OpenCorpora;
тачка;OpenCorpora;
ташка;OpenCorpora;
тварь;OpenCorpora;
твист;OpenCorpora;
театр;OpenCorpora;
тезис;OpenCorpora;
теизм;OpenCorpora;
теист;OpenCorpora;
текст;OpenCorpora;
телек;OpenCorpora;
телец;OpenCorpora;
телик;OpenCorpora;
телок;OpenCorpora;
тембр;OpenCorpora;
темпл;OpenCorpora;not-exists
тенар;OpenCorpora;
тенге;OpenCorpora;
тения;OpenCorpora;
тенор;OpenCorpora;
тенца;OpenCorpora;
тенёк;OpenCorpora;
тепло;OpenCorpora;
терем;OpenCorpora;
терец;OpenCorpora;
термы;OpenCorpora;
тесак;OpenCorpora;
тесло;OpenCorpora;exists
тесто;OpenCorpora;
тесть;OpenCorpora;
теург;OpenCorpora;
тефра;OpenCorpora;
техно;OpenCorpora;
течка;OpenCorpora;
тиара;OpenCorpora;exists
тигль;OpenCorpora;
тизер;OpenCorpora;
тикер;OpenCorpora;
тимин;OpenCorpora;
тимол;OpenCorpora;
тимус;OpenCorpora;
типаж;OpenCorpora;
типец;OpenCorpora;
типик;OpenCorpora;
типун;OpenCorpora;
типус;OpenCorpora;
тираж;OpenCorpora;
тиран;OpenCorpora;
тирит;OpenCorpora;
тиски;OpenCorpora;exists
титан;OpenCorpora;
титла;OpenCorpora;
титло;OpenCorpora;
титул;OpenCorpora;
ткань;OpenCorpora;
товар;OpenCorpora;
тойон;OpenCorpora;
токай;OpenCorpora;
толпа;OpenCorpora;
толща;OpenCorpora;
толщь;OpenCorpora;
томат;OpenCorpora;
томец;OpenCorpora;
томик;OpenCorpora;
томич;OpenCorpora;
тонар;OpenCorpora;
тонер;OpenCorpora;exists
тоник;OpenCorpora;
тонна;OpenCorpora;
тонус;OpenCorpora;
топаз;OpenCorpora;
топка;OpenCorpora;
топор;OpenCorpora;
топот;OpenCorpora;
торба;OpenCorpora;
торец;OpenCorpora;
торий;OpenCorpora;
торит;OpenCorpora;
торон;OpenCorpora;
торос;OpenCorpora;
торус;OpenCorpora;
тоска;OpenCorpora;
тотем;OpenCorpora;
тофус;OpenCorpora;
тоффи;OpenCorpora;
тохар;OpenCorpora;
точка;OpenCorpora;exists
трава;OpenCorpora;
тракт;OpenCorpora;
трамп;OpenCorpora;
транс;OpenCorpora;
транш;OpenCorpora;
трапп;OpenCorpora;
траст;OpenCorpora;
трата;OpenCorpora;
траур;OpenCorpora;
треба;OpenCorpora;
трель;OpenCorpora;
трема;OpenCorpora;
тренд;OpenCorpora;
треск;OpenCorpora;
трест;OpenCorpora;
треть;OpenCorpora;
треух;OpenCorpora;
трефа;OpenCorpora;
триас;OpenCorpora;
триба;OpenCorpora;
триер;OpenCorpora;
тризм;OpenCorpora;
трико;OpenCorpora;
триод;OpenCorpora;
трипс;OpenCorpora;
тромб;OpenCorpora;
тромп;OpenCorpora;exists
тропа;OpenCorpora;
трояк;OpenCorpora;
труба;OpenCorpora;
трусы;OpenCorpora;
труха;OpenCorpora;
трюмо;OpenCorpora;
тсуга;OpenCorpora;exists
тубус;OpenCorpora;
тугун;OpenCorpora;
тузик;OpenCorpora;
тукан;OpenCorpora;
тулий;OpenCorpora;
тулук;OpenCorpora;
тулуп;OpenCorpora;
тулья;OpenCorpora;
туляк;OpenCorpora;
тумак;OpenCorpora;
туман;OpenCorpora;
тумба;OpenCorpora;
тумор;OpenCorpora;
тунец;OpenCorpora;
тупей;OpenCorpora;
тупец;OpenCorpora;
тупик;OpenCorpora;
тупыш;OpenCorpora;
турик;OpenCorpora;
турне;OpenCorpora;
турок;OpenCorpora;exists
тутор;OpenCorpora;
тутси;OpenCorpora;
тутти;OpenCorpora;
туфля;OpenCorpora;
туфта;OpenCorpora;
тучка;OpenCorpora;
тушин;OpenCorpora;
тушка;OpenCorpora;
тщета;OpenCorpora;
тыква;OpenCorpora;
тынок;OpenCorpora;
тырло;OpenCorpora;
тычок;OpenCorpora;
тэмми;OpenCorpora;
тюбик;OpenCorpora;
тюнер;OpenCorpora;
тюник;OpenCorpora;
тюрок;OpenCorpora;
тютюн;OpenCorpora;
тюфяк;OpenCorpora;
тючок;OpenCorpora;
тябло;OpenCorpora;
тягач;OpenCorpora;
тягло;OpenCorpora;
тягун;OpenCorpora;
тяжба;OpenCorpora;
тяпка;OpenCorpora;
тёзка;OpenCorpora;
тёлка;OpenCorpora;
тёрка;OpenCorpora;
тёска;OpenCorpora;
тётка;OpenCorpora;
тёшка;OpenCorpora;
уазик;OpenCorpora;
убрус;OpenCorpora;
убыль;OpenCorpora;
увраж;OpenCorpora;
угода;OpenCorpora;
уголь;OpenCorpora;
угорь;OpenCorpora;
удаль;OpenCorpora;
удача;OpenCorpora;
удерж;OpenCorpora;
удила;OpenCorpora;
удэге;OpenCorpora;
узбек;OpenCorpora;
уздцы;OpenCorpora;
узина;OpenCorpora;
узник;OpenCorpora;
уйгур;OpenCorpora;
уклад;OpenCorpora;exists
уклон;OpenCorpora;exists
укроп;OpenCorpora;
укрут;OpenCorpora;
укрюк;OpenCorpora;
уксус;OpenCorpora;
улика;OpenCorpora;
улита;OpenCorpora;
улица;OpenCorpora;
улунг;OpenCorpora;
улыба;OpenCorpora;
умбра;OpenCorpora;
умиак;OpenCorpora;
умник;OpenCorpora;
умолк;OpenCorpora;
умора;OpenCorpora;
униат;OpenCorpora;
ункус;OpenCorpora;
унтер;OpenCorpora;
унция;OpenCorpora;
упрёк;OpenCorpora;
упырь;OpenCorpora;
урина;OpenCorpora;
урман;OpenCorpora;
урёма;OpenCorpora;
усище;OpenCorpora;
успех;OpenCorpora;
устав;OpenCorpora;
устой;OpenCorpora;
уступ;OpenCorpora;
устье;OpenCorpora;
утеря;OpenCorpora;
утеха;OpenCorpora;
утиль;OpenCorpora;
утица;OpenCorpora;
ухарь;OpenCorpora;
ухват;OpenCorpora;
ухожь;OpenCorpora;
учёба;OpenCorpora;
ушица;OpenCorpora;
ушкан;OpenCorpora;
ушкуй;OpenCorpora;
ушник;OpenCorpora;
ущерб;OpenCorpora;
фабра;OpenCorpora;
фавор;OpenCorpora;
фагот;OpenCorpora;
фазан;OpenCorpora;
фазер;OpenCorpora;
фазис;OpenCorpora;
факел;OpenCorpora;
факир;OpenCorpora;
фалда;OpenCorpora;
фалец;OpenCorpora;
фальц;OpenCorpora;
фанат;OpenCorpora;
фанза;OpenCorpora;
фарси;OpenCorpora;
фасад;OpenCorpora;
фасет;OpenCorpora;
фаска;OpenCorpora;
фасон;OpenCorpora;
фатум;OpenCorpora;
фатюй;OpenCorpora;
фауна;OpenCorpora;
фацет;OpenCorpora;
фация;OpenCorpora;
фаянс;OpenCorpora;
фелон;OpenCorpora;
фенек;OpenCorpora;
фений;OpenCorpora;
фенил;OpenCorpora;
фенол;OpenCorpora;
ферзь;OpenCorpora;
ферма;OpenCorpora;
ферми;OpenCorpora;
феска;OpenCorpora;
фетва;OpenCorpora;
фетиш;OpenCorpora;
фетюк;OpenCorpora;
фефер;OpenCorpora;
фиакр;OpenCorpora;
фибра;OpenCorpora;
фигня;OpenCorpora;
фидер;OpenCorpora;
фижмы;OpenCorpora;
физик;OpenCorpora;
физия;OpenCorpora;
фикус;OpenCorpora;
филей;OpenCorpora;
филин;OpenCorpora;
филон;OpenCorpora;
фильм;OpenCorpora;
филюм;OpenCorpora;
филёр;OpenCorpora;
фимоз;OpenCorpora;
финал;OpenCorpora;
финик;OpenCorpora;
финиш;OpenCorpora;
финка;OpenCorpora;
финна;OpenCorpora;
фиорд;OpenCorpora;
фирма;OpenCorpora;
фитин;OpenCorpora;
фишка;OpenCorpora;
фланг;OpenCorpora;
фланк;OpenCorpora;
флейм;OpenCorpora;
флейц;OpenCorpora;
флешь;OpenCorpora;
флинг;OpenCorpora;
флинт;OpenCorpora;
флирт;OpenCorpora;
флокс;OpenCorpora;
флора;OpenCorpora;
флюид;OpenCorpora;
фляга;OpenCorpora;
фляер;OpenCorpora;
фобия;OpenCorpora;
фокус;OpenCorpora;
фолио;OpenCorpora;
фомка;OpenCorpora;
фондю;OpenCorpora;
фонон;OpenCorpora;
форез;OpenCorpora;
форма;OpenCorpora;
форум;OpenCorpora;
фоска;OpenCorpora;
фотка;OpenCorpora;
фотон;OpenCorpora;
фофан;OpenCorpora;
фраер;OpenCorpora;
фраза;OpenCorpora;
франк;OpenCorpora;
франт;OpenCorpora;
фраун;OpenCorpora;
фрахт;OpenCorpora;
фреза;OpenCorpora;
фрейм;OpenCorpora;
френд;OpenCorpora;
френч;OpenCorpora;
фреон;OpenCorpora;
фронт;OpenCorpora;
фрукт;OpenCorpora;
фугас;OpenCorpora;
фужер;OpenCorpora;
фузея;OpenCorpora;
фузия;OpenCorpora;
фукус;OpenCorpora;
фуляр;OpenCorpora;
фунда;OpenCorpora;
фураж;OpenCorpora;
фурия;OpenCorpora;
фурма;OpenCorpora;
фурор;OpenCorpora;
футер;OpenCorpora;
футор;OpenCorpora;
фуфло;OpenCorpora;
фуэте;OpenCorpora;exists
фырок;OpenCorpora;
фьорд;OpenCorpora;
фьюжн;OpenCorpora;not-exists
фюзен;OpenCorpora;
фюрер;OpenCorpora;exists
хабар;OpenCorpora;
хабуб;OpenCorpora;
хаджи;OpenCorpora;
хазар;OpenCorpora;
хайло;OpenCorpora;
хакан;OpenCorpora;
хакас;OpenCorpora;
хакер;OpenCorpora;
халат;OpenCorpora;
халва;OpenCorpora;
халда;OpenCorpora;
халео;OpenCorpora;
халиф;OpenCorpora;
хамка;OpenCorpora;
хамон;OpenCorpora;
хамса;OpenCorpora;
хамьё;OpenCorpora;
ханжа;OpenCorpora;
ханша;OpenCorpora;
хапок;OpenCorpora;
хапун;OpenCorpora;
харчо;OpenCorpora;
хасид;OpenCorpora;
хатка;OpenCorpora;
хауса;OpenCorpora;
хафиз;OpenCorpora;
хафир;OpenCorpora;
хвала;OpenCorpora;
хворь;OpenCorpora;
хвост;OpenCorpora;
хедер;OpenCorpora;
хедив;OpenCorpora;
хенна;OpenCorpora;
херес;OpenCorpora;
херик;OpenCorpora;
херня;OpenCorpora;not-exists
хиазм;OpenCorpora;
хилус;OpenCorpora;
хиляк;OpenCorpora;
химик;OpenCorpora;
химия;OpenCorpora;
химус;OpenCorpora;
хинди;OpenCorpora;
хинду;OpenCorpora;
хинин;OpenCorpora;
хинон;OpenCorpora;
хиппи;OpenCorpora;
хитин;OpenCorpora;
хитон;OpenCorpora;
хлупь;OpenCorpora;
хлыст;OpenCorpora;
хлюст;OpenCorpora;
хлябь;OpenCorpora;
хлёст;OpenCorpora;
хмара;OpenCorpora;
хмарь;OpenCorpora;
хмель;OpenCorpora;
хмурь;OpenCorpora;
хмырь;OpenCorpora;
хобби;OpenCorpora;
хобот;OpenCorpora;
хоган;OpenCorpora;
ходжа;OpenCorpora;
ходик;OpenCorpora;
ходка;OpenCorpora;exists
ходок;OpenCorpora;
ходун;OpenCorpora;
холин;OpenCorpora;
холка;OpenCorpora;
холод;OpenCorpora;exists
холоп;OpenCorpora;
холст;OpenCorpora;
холуй;OpenCorpora;
хомут;OpenCorpora;
хомяк;OpenCorpora;
хонда;OpenCorpora;
хорал;OpenCorpora;
хорда;OpenCorpora;
хорей;OpenCorpora;
хорея;OpenCorpora;
хорёк;OpenCorpora;
хохма;OpenCorpora;
хохол;OpenCorpora;
хохот;OpenCorpora;
хошун;OpenCorpora;
хрень;OpenCorpora;
хруст;OpenCorpora;
хряпа;OpenCorpora;
хряск;OpenCorpora;
хряст;OpenCorpora;
хуйня;OpenCorpora;not-exists
хунта;OpenCorpora;
хурал;OpenCorpora;
хурма;OpenCorpora;
хутба;OpenCorpora;
хутия;OpenCorpora;
хутор;OpenCorpora;
хэдер;OpenCorpora;
цадик;OpenCorpora;
цанга;OpenCorpora;
цапка;OpenCorpora;
цапля;OpenCorpora;
цапун;OpenCorpora;
цапфа;OpenCorpora;
царёк;OpenCorpora;
цахур;OpenCorpora;
цацка;OpenCorpora;
цвель;OpenCorpora;
цевка;OpenCorpora;
цевьё;OpenCorpora;
цедра;OpenCorpora;
цезий;OpenCorpora;
целик;OpenCorpora;
целла;OpenCorpora;
целое;OpenCorpora;
ценоз;OpenCorpora;
центр;OpenCorpora;
цепка;OpenCorpora;
цепня;OpenCorpora;
цеппа;OpenCorpora;
церва;OpenCorpora;
церий;OpenCorpora;
церит;OpenCorpora;
цехин;OpenCorpora;
цибик;OpenCorpora;
циган;OpenCorpora;
цикля;OpenCorpora;
цинаш;OpenCorpora;
цинга;OpenCorpora;
циник;OpenCorpora;
циста;OpenCorpora;
цитра;OpenCorpora;
цифра;OpenCorpora;
цокот;OpenCorpora;
цукат;OpenCorpora;
цуцик;OpenCorpora;
цыган;OpenCorpora;
цыпка;OpenCorpora;
чабан;OpenCorpora;
чабёр;OpenCorpora;
чадец;OpenCorpora;
чадка;OpenCorpora;
чадра;OpenCorpora;
чайка;OpenCorpora;
чайлд;OpenCorpora;
чакра;OpenCorpora;
чалка;OpenCorpora;
чалма;OpenCorpora;
чалый;OpenCorpora;
чарка;OpenCorpora;
часик;OpenCorpora;
часок;OpenCorpora;
часть;OpenCorpora;
чатни;OpenCorpora;
чашка;OpenCorpora;
чебак;OpenCorpora;
чекан;OpenCorpora;
чекер;OpenCorpora;
чепан;OpenCorpora;
чепец;OpenCorpora;
черва;OpenCorpora;
черви;OpenCorpora;
червь;OpenCorpora;
череп;OpenCorpora;
чернь;OpenCorpora;
черта;OpenCorpora;exists
черёд;OpenCorpora;exists
честь;OpenCorpora;
чехол;OpenCorpora;
чечен;OpenCorpora;
чечет;OpenCorpora;
чешир;OpenCorpora;
чешка;OpenCorpora;
чешуя;OpenCorpora;
чибис;OpenCorpora;exists
чижик;OpenCorpora;
чикли;OpenCorpora;
чилим;OpenCorpora;
чинар;OpenCorpora;
чинка;OpenCorpora;
чинук;OpenCorpora;
чипсы;OpenCorpora;
чирей;OpenCorpora;
чирок;OpenCorpora;
число;OpenCorpora;
читер;OpenCorpora;
читка;OpenCorpora;
читта;OpenCorpora;
чифир;OpenCorpora;
чобот;OpenCorpora;
чокер;OpenCorpora;
чокто;OpenCorpora;
чомга;OpenCorpora;
чрево;OpenCorpora;
чреда;OpenCorpora;
чтиво;OpenCorpora;
чтица;OpenCorpora;
чубук;OpenCorpora;
чувак;OpenCorpora;
чувал;OpenCorpora;
чуваш;OpenCorpora;
чувяк;OpenCorpora;
чугун;OpenCorpora;
чудак;OpenCorpora;
чудик;OpenCorpora;
чужак;OpenCorpora;
чужое;OpenCorpora;
чуйка;OpenCorpora;
чукча;OpenCorpora;
чулан;OpenCorpora;
чулок;OpenCorpora;exists
чумак;OpenCorpora;
чумка;OpenCorpora;
чурак;OpenCorpora;
чурек;OpenCorpora;
чурка;OpenCorpora;
чутьё;OpenCorpora;exists
чухна;OpenCorpora;
чучхе;OpenCorpora;
чушка;OpenCorpora;
чёбот;OpenCorpora;
чёлка;OpenCorpora;
чёска;OpenCorpora;
чётки;OpenCorpora;
шабаш;OpenCorpora;
шабер;OpenCorpora;
шабли;OpenCorpora;
шабот;OpenCorpora;
шабёр;OpenCorpora;
шавка;OpenCorpora;
шажок;OpenCorpora;
шайба;OpenCorpora;
шайен;OpenCorpora;
шайка;OpenCorpora;
шакал;OpenCorpora;
шакша;OpenCorpora;
шалаш;OpenCorpora;
шалли;OpenCorpora;
шалот;OpenCorpora;
шалун;OpenCorpora;
шаман;OpenCorpora;
шамот;OpenCorpora;
шанди;OpenCorpora;not-exists
шанец;OpenCorpora;
шанкр;OpenCorpora;not-exists
шапка;OpenCorpora;
шарап;OpenCorpora;
шарик;OpenCorpora;
шарпи;OpenCorpora;
шасла;OpenCorpora;
шассе;OpenCorpora;
шасси;OpenCorpora;
шатен;OpenCorpora;
шатия;OpenCorpora;
шаттл;OpenCorpora;
шатун;OpenCorpora;
шатёр;OpenCorpora;
шафер;OpenCorpora;
шаффл;OpenCorpora;
шахид;OpenCorpora;
шахта;OpenCorpora;
шашка;OpenCorpora;
шашни;OpenCorpora;
шваль;OpenCorpora;
шванк;OpenCorpora;
швара;OpenCorpora;
шварт;OpenCorpora;
шверт;OpenCorpora;
шевер;OpenCorpora;
шевро;OpenCorpora;
шеища;OpenCorpora;
шейка;OpenCorpora;
шекер;OpenCorpora;
шелеп;OpenCorpora;
шелом;OpenCorpora;
шельф;OpenCorpora;
шемая;OpenCorpora;
шериф;OpenCorpora;
шибер;OpenCorpora;
шизик;OpenCorpora;
шиизм;OpenCorpora;
шимми;OpenCorpora;
шинок;OpenCorpora;
шипик;OpenCorpora;
шипун;OpenCorpora;exists
ширма;OpenCorpora;
шитво;OpenCorpora;
шитик;OpenCorpora;
шитьё;OpenCorpora;
шифер;OpenCorpora;
шифон;OpenCorpora;
шихан;OpenCorpora;
шихта;OpenCorpora;
шишак;OpenCorpora;
шишка;OpenCorpora;
шкала;OpenCorpora;
шкало;OpenCorpora;
шквал;OpenCorpora;
шкерт;OpenCorpora;
шкода;OpenCorpora;
школа;OpenCorpora;
шкура;OpenCorpora;
шланг;OpenCorpora;
шлейф;OpenCorpora;
шлифт;OpenCorpora;
шлюха;OpenCorpora;exists
шляпа;OpenCorpora;exists
шмара;OpenCorpora;
шмель;OpenCorpora;
шнапс;OpenCorpora;
шнека;OpenCorpora;
шнява;OpenCorpora;
шняга;OpenCorpora;
шобла;OpenCorpora;
шодди;OpenCorpora;
шорец;OpenCorpora;
шорка;OpenCorpora;
шорня;OpenCorpora;
шорох;OpenCorpora;
шорты;OpenCorpora;
шоссе;OpenCorpora;
шофер;OpenCorpora;
шошон;OpenCorpora;
шпага;OpenCorpora;exists
шпала;OpenCorpora;
шпана;OpenCorpora;
шпень;OpenCorpora;exists
шпиль;OpenCorpora;
шпинь;OpenCorpora;
шпион;OpenCorpora;exists
шпона;OpenCorpora;
шпора;OpenCorpora;
шприц;OpenCorpora;
шпрот;OpenCorpora;
шпуля;OpenCorpora;
шпунт;OpenCorpora;exists
шпынь;OpenCorpora;
шримс;OpenCorpora;
шрифт;OpenCorpora;
штамб;OpenCorpora;
штамм;OpenCorpora;
штамп;OpenCorpora;
штаны;OpenCorpora;
штейн;OpenCorpora;
штерт;OpenCorpora;
штиль;OpenCorpora;
штифт;OpenCorpora;
штора;OpenCorpora;
шторм;OpenCorpora;
штраф;OpenCorpora;
штрек;OpenCorpora;
штрих;OpenCorpora;
штука;OpenCorpora;
штурм;OpenCorpora;
штырь;OpenCorpora;
шубка;OpenCorpora;
шугай;OpenCorpora;
шудра;OpenCorpora;
шуйца;OpenCorpora;
шулер;OpenCorpora;
шумер;OpenCorpora;
шумок;OpenCorpora;
шурин;OpenCorpora;
шурпа;OpenCorpora;
шуруп;OpenCorpora;
шуряк;OpenCorpora;
шутка;OpenCorpora;
шухер;OpenCorpora;
шушун;OpenCorpora;
шхера;OpenCorpora;
шхуна;OpenCorpora;
шёпот;OpenCorpora;
щебет;OpenCorpora;
щегол;OpenCorpora;
щенок;OpenCorpora;
щепка;OpenCorpora;
щипец;OpenCorpora;
щипка;OpenCorpora;
щипок;OpenCorpora;
щитик;OpenCorpora;
щиток;OpenCorpora;
щупик;OpenCorpora;
щурок;OpenCorpora;
щучка;OpenCorpora;
щёкот;OpenCorpora;
щёлка;OpenCorpora;exists
щёлок;OpenCorpora;
щётка;OpenCorpora;
щёчка;OpenCorpora;
эвенк;OpenCorpora;
эгида;OpenCorpora;
эгрет;OpenCorpora;
эдикт;OpenCorpora;
эйдос;OpenCorpora;
экзон;OpenCorpora;
экзот;OpenCorpora;
эклер;OpenCorpora;
экран;OpenCorpora;
эксод;OpenCorpora;
экшен;OpenCorpora;
элеат;OpenCorpora;
элинт;OpenCorpora;
элита;OpenCorpora;
эллин;OpenCorpora;
эмаль;OpenCorpora;
эмбол;OpenCorpora;
эммер;OpenCorpora;
энсин;OpenCorpora;
эозин;OpenCorpora;
эолит;OpenCorpora;
эоцен;OpenCorpora;
эпарх;OpenCorpora;
эпика;OpenCorpora;
эпонж;OpenCorpora;
эпоха;OpenCorpora;
эпюра;OpenCorpora;
эрбий;OpenCorpora;
эрзац;OpenCorpora;
эрика;OpenCorpora;
эркер;OpenCorpora;
эсдек;OpenCorpora;
эскер;OpenCorpora;
эскиз;OpenCorpora;
эссив;OpenCorpora;
эстет;OpenCorpora;
этвеш;OpenCorpora;exists
этика;OpenCorpora;
этнос;OpenCorpora;
эфиоп;OpenCorpora;
эшпай;OpenCorpora;
юдоль;OpenCorpora;exists
юзинь;OpenCorpora;
юзнет;OpenCorpora;
юкола;OpenCorpora;
юлиус;OpenCorpora;
юникс;OpenCorpora;
юниор;OpenCorpora;
юница;OpenCorpora;
юнкер;OpenCorpora;
юнкор;OpenCorpora;
юннат;OpenCorpora;
юноша;OpenCorpora;
юрист;OpenCorpora;
юферс;OpenCorpora;
ябеда;OpenCorpora;
ягель;OpenCorpora;
ягода;OpenCorpora;
ягуар;OpenCorpora;
яичко;OpenCorpora;
якорь;OpenCorpora;
ялапа;OpenCorpora;
ямаец;OpenCorpora;
ямина;OpenCorpora;
ямища;OpenCorpora;
ямщик;OpenCorpora;
ярица;OpenCorpora;
ярлык;OpenCorpora;
яруга;OpenCorpora;
ярыга;OpenCorpora;
ясень;OpenCorpora;
яство;OpenCorpora;
ястык;OpenCorpora;
ясырь;OpenCorpora;
ятвяг;OpenCorpora;
ятовь;OpenCorpora;
яхонт;OpenCorpora;
яшмак;OpenCorpora;
ёрник;OpenCorpora;
ёршик;OpenCorpora;
авось;добавлено-руками;exists
анаша;добавлено-руками;exists
ахилл;добавлено-руками;exists
байда;добавлено-руками;exists
браво;добавлено-руками;exists
бытье;добавлено-руками;exists
видок;добавлено-руками;exists
ворьё;добавлено-руками;exists
вчера;добавлено-руками;exists
выдув;добавлено-руками;exists
выпил;добавлено-руками;exists
гаусс;добавлено-руками;exists
гжель;добавлено-руками;exists
дедок;добавлено-руками;exists
ессей;добавлено-руками;exists
запил;добавлено-руками;exists
излив;добавлено-руками;exists
качок;добавлено-руками;exists
кинза;добавлено-руками;exists
лобио;добавлено-руками;exists
мурка;добавлено-руками;exists
никто;добавлено-руками;exists
ничто;добавлено-руками;exists
нищий;добавлено-руками;exists
осман;добавлено-руками;exists
отлог;добавлено-руками;exists
отмер;добавлено-руками;exists
паяло;добавлено-руками;exists
пенье;добавлено-руками;exists
песнь;добавлено-руками;exists
плохо;добавлено-руками;exists
сидор;добавлено-руками;exists
спрей;добавлено-руками;exists
стрём;добавлено-руками;exists
супер;добавлено-руками;exists
схрон;добавлено-руками;exists
тапок;добавлено-руками;exists
темка;добавлено-руками;exists
топик;добавлено-руками;exists
турка;добавлено-руками;exists
удило;добавлено-руками;exists
форте;добавлено-руками;exists
целка;добавлено-руками;not-exists
чубик;добавлено-руками;exists
аанта;поиск-слов.рф;
абаас;поиск-слов.рф;
абаец;поиск-слов.рф;
абаза;поиск-слов.рф;
абази;поиск-слов.рф;
абаим;поиск-слов.рф;
абайя;поиск-слов.рф;
абант;поиск-слов.рф;
абасг;поиск-слов.рф;
абаси;поиск-слов.рф;
абачи;поиск-слов.рф;
абгаз;поиск-слов.рф;
абдал;поиск-слов.рф;
абдэр;поиск-слов.рф;
абзим;поиск-слов.рф;
абиоз;поиск-слов.рф;
абура;поиск-слов.рф;
абшид;поиск-слов.рф;
абшит;поиск-слов.рф;
абыкь;поиск-слов.рф;
абьюз;поиск-слов.рф;
аваги;поиск-слов.рф;
аврат;поиск-слов.рф;
австр;поиск-слов.рф;
автик;поиск-слов.рф;
агапа;поиск-слов.рф;
агапэ;поиск-слов.рф;
аггел;поиск-слов.рф;
агогэ;поиск-слов.рф;
агуша;поиск-слов.рф;
адатт;поиск-слов.рф;
адаул;поиск-слов.рф;
адвил;поиск-слов.рф;
аддон;поиск-слов.рф;
адела;поиск-слов.рф;
аджам;поиск-слов.рф;
адити;поиск-слов.рф;
адище;поиск-слов.рф;
адоба;поиск-слов.рф;
адряс;поиск-слов.рф;
адыге;поиск-слов.рф;
аевит;поиск-слов.рф;
азерб;поиск-слов.рф;
азери;поиск-слов.рф;
азиец;поиск-слов.рф;
азога;поиск-слов.рф;
айвар;поиск-слов.рф;
айдол;поиск-слов.рф;
айзер;поиск-слов.рф;
айоли;поиск-слов.рф;
айпад;поиск-слов.рф;
айпод;поиск-слов.рф;
айпэд;поиск-слов.рф;
айрак;поиск-слов.рф;
айрон;поиск-слов.рф;
айрум;поиск-слов.рф;
айсик;поиск-слов.рф;
айтыс;поиск-слов.рф;
айтыш;поиск-слов.рф;
айшон;поиск-слов.рф;
акаша;поиск-слов.рф;
акаэм;поиск-слов.рф;
акбаш;поиск-слов.рф;
акиба;поиск-слов.рф;
акида;поиск-слов.рф;
аккум;поиск-слов.рф;
аклей;поиск-слов.рф;
акмит;поиск-слов.рф;
акома;поиск-слов.рф;
аксис;поиск-слов.рф;
актея;поиск-слов.рф;
акшар;поиск-слов.рф;
алаец;поиск-слов.рф;
алаит;поиск-слов.рф;
алань;поиск-слов.рф;
аларм;поиск-слов.рф;
алгид;поиск-слов.рф;
алгия;поиск-слов.рф;
алдар;поиск-слов.рф;
алеец;поиск-слов.рф;
алерт;поиск-слов.рф;
алиас;поиск-слов.рф;
алиен;поиск-слов.рф;
алкан;поиск-слов.рф;
алкен;поиск-слов.рф;
алкид;поиск-слов.рф;
алкин;поиск-слов.рф;
аллен;поиск-слов.рф;
аллес;поиск-слов.рф;
алмея;поиск-слов.рф;
алонж;поиск-слов.рф;
алтан;поиск-слов.рф;
алунд;поиск-слов.рф;
алуне;поиск-слов.рф;
алфер;поиск-слов.рф;
альва;поиск-слов.рф;
альни;поиск-слов.рф;
алюра;поиск-слов.рф;
амант;поиск-слов.рф;
амара;поиск-слов.рф;
амида;поиск-слов.рф;
амикт;поиск-слов.рф;
аминь;поиск-слов.рф;
аммин;поиск-слов.рф;
амула;поиск-слов.рф;
анари;поиск-слов.рф;
анбан;поиск-слов.рф;
анбар;поиск-слов.рф;
анбур;поиск-слов.рф;
ангас;поиск-слов.рф;
ангус;поиск-слов.рф;
анзац;поиск-слов.рф;
анзур;поиск-слов.рф;
аниец;поиск-слов.рф;
анима;поиск-слов.рф;
анкап;поиск-слов.рф;
анкор;поиск-слов.рф;
анкус;поиск-слов.рф;
анлим;поиск-слов.рф;
аноли;поиск-слов.рф;
анона;поиск-слов.рф;
аноха;поиск-слов.рф;
анрег;поиск-слов.рф;
ансаб;поиск-слов.рф;
ансар;поиск-слов.рф;
антал;поиск-слов.рф;
антем;поиск-слов.рф;
антре;поиск-слов.рф;
ануак;поиск-слов.рф;
анули;поиск-слов.рф;
анхуа;поиск-слов.рф;
аншеф;поиск-слов.рф;
аньюм;поиск-слов.рф;
аозай;поиск-слов.рф;
апарт;поиск-слов.рф;
апачи;поиск-слов.рф;
апион;поиск-слов.рф;
аплит;поиск-слов.рф;
апноэ;поиск-слов.рф;
апрув;поиск-слов.рф;
арака;поиск-слов.рф;
арама;поиск-слов.рф;
арара;поиск-слов.рф;
арарэ;поиск-слов.рф;
арбор;поиск-слов.рф;
аргас;поиск-слов.рф;
аргиш;поиск-слов.рф;
арзни;поиск-слов.рф;
аркад;поиск-слов.рф;
арнир;поиск-слов.рф;
арнис;поиск-слов.рф;
аррип;поиск-слов.рф;
арсин;поиск-слов.рф;
артус;поиск-слов.рф;
археи;поиск-слов.рф;
архей;поиск-слов.рф;
архея;поиск-слов.рф;
арьян;поиск-слов.рф;
аскос;поиск-слов.рф;
асмат;поиск-слов.рф;
ассам;поиск-слов.рф;
ассет;поиск-слов.рф;
асура;поиск-слов.рф;
атилл;поиск-слов.рф;
атман;поиск-слов.рф;
аттач;поиск-слов.рф;
атуот;поиск-слов.рф;
аулос;поиск-слов.рф;
аурей;поиск-слов.рф;
аурид;поиск-слов.рф;
аутро;поиск-слов.рф;
афган;поиск-слов.рф;
афина;поиск-слов.рф;
афтит;поиск-слов.рф;
афтыч;поиск-слов.рф;
аффиш;поиск-слов.рф;
афшар;поиск-слов.рф;
ахоит;поиск-слов.рф;
ахунд;поиск-слов.рф;
ашель;поиск-слов.рф;
ашрык;поиск-слов.рф;
аштец;поиск-слов.рф;
аэдес;поиск-слов.рф;
аюмаа;поиск-слов.рф;
аянец;поиск-слов.рф;
аянка;поиск-слов.рф;
бабах;поиск-слов.рф;
баббл;поиск-слов.рф;
бабец;поиск-слов.рф;
бабид;поиск-слов.рф;
бабки;поиск-слов.рф;not-exists
бабоа;поиск-слов.рф;
бабуа;поиск-слов.рф;
багги;поиск-слов.рф;
багно;поиск-слов.рф;
багня;поиск-слов.рф;
багуа;поиск-слов.рф;
бадер;поиск-слов.рф;
бадик;поиск-слов.рф;
бадуй;поиск-слов.рф;
базей;поиск-слов.рф;
базин;поиск-слов.рф;
базит;поиск-слов.рф;
базло;поиск-слов.рф;
баинг;поиск-слов.рф;
байга;поиск-слов.рф;
байге;поиск-слов.рф;
байер;поиск-слов.рф;
байза;поиск-слов.рф;
бакаи;поиск-слов.рф;
бакун;поиск-слов.рф;
бакча;поиск-слов.рф;
бакша;поиск-слов.рф;
бакши;поиск-слов.рф;
балан;поиск-слов.рф;
балдж;поиск-слов.рф;
бализ;поиск-слов.рф;
балий;поиск-слов.рф;
балок;поиск-слов.рф;
бамум;поиск-слов.рф;
бандл;поиск-слов.рф;
бандо;поиск-слов.рф;
бандх;поиск-слов.рф;
банту;поиск-слов.рф;
банши;поиск-слов.рф;
бараш;поиск-слов.рф;
барда;поиск-слов.рф;
бардо;поиск-слов.рф;
барок;поиск-слов.рф;
барре;поиск-слов.рф;
баррэ;поиск-слов.рф;
басик;поиск-слов.рф;
баснь;поиск-слов.рф;
басса;поиск-слов.рф;
батек;поиск-слов.рф;
батри;поиск-слов.рф;
баттл;поиск-слов.рф;
баттю;поиск-слов.рф;
бауит;поиск-слов.рф;
бахта;поиск-слов.рф;
бахус;поиск-слов.рф;
бахши;поиск-слов.рф;
бачка;поиск-слов.рф;
бачки;поиск-слов.рф;
башли;поиск-слов.рф;
башта;поиск-слов.рф;
баяти;поиск-слов.рф;
беата;поиск-слов.рф;
бебех;поиск-слов.рф;
бебра;поиск-слов.рф;
бебут;поиск-слов.рф;
бегаш;поиск-слов.рф;
беджа;поиск-слов.рф;
бедка;поиск-слов.рф;
бейби;поиск-слов.рф;
бейгл;поиск-слов.рф;
бейцы;поиск-слов.рф;
бекер;поиск-слов.рф;
бекет;поиск-слов.рф;
белаз;поиск-слов.рф;
белая;поиск-слов.рф;
белги;поиск-слов.рф;
белен;поиск-слов.рф;
белит;поиск-слов.рф;
белки;поиск-слов.рф;
белое;поиск-слов.рф;
белый;поиск-слов.рф;not-exists
бемба;поиск-слов.рф;
бемит;поиск-слов.рф;
бенди;поиск-слов.рф;
бенну;поиск-слов.рф;
бенто;поиск-слов.рф;
бенье;поиск-слов.рф;
берат;поиск-слов.рф;
берек;поиск-слов.рф;
берсо;поиск-слов.рф;
берцы;поиск-слов.рф;
бесик;поиск-слов.рф;
бетэл;поиск-слов.рф;
бечак;поиск-слов.рф;
бздеж;поиск-слов.рф;
бздех;поиск-слов.рф;
бздун;поиск-слов.рф;
бздых;поиск-слов.рф;
биакс;поиск-слов.рф;
бибой;поиск-слов.рф;
бибут;поиск-слов.рф;
бигль;поиск-слов.рф;
бигос;поиск-слов.рф;
бикса;поиск-слов.рф;
билин;поиск-слов.рф;
билон;поиск-слов.рф;
бинди;поиск-слов.рф;
бипак;поиск-слов.рф;
бипер;поиск-слов.рф;
бисак;поиск-слов.рф;
битка;поиск-слов.рф;
битый;поиск-слов.рф;exists
бичик;поиск-слов.рф;
бишоф;поиск-слов.рф;
блант;поиск-слов.рф;
бланш;поиск-слов.рф;
блато;поиск-слов.рф;
бленд;поиск-слов.рф;
блиск;поиск-слов.рф;
блонд;поиск-слов.рф;
блоть;поиск-слов.рф;
блуга;поиск-слов.рф;
бобби;поиск-слов.рф;not-exists
боген;поиск-слов.рф;
бодхи;поиск-слов.рф;
бозар;поиск-слов.рф;
бойка;поиск-слов.рф;
бокаж;поиск-слов.рф;
бокит;поиск-слов.рф;
бокор;поиск-слов.рф;
бомик;поиск-слов.рф;
бонка;поиск-слов.рф;
бонки;поиск-слов.рф;
бопер;поиск-слов.рф;
боран;поиск-слов.рф;
борий;поиск-слов.рф;
борок;поиск-слов.рф;exists
ботун;поиск-слов.рф;
бофор;поиск-слов.рф;
бочче;поиск-слов.рф;
бошка;поиск-слов.рф;
бояка;поиск-слов.рф;
брама;поиск-слов.рф;
брана;поиск-слов.рф;
бранч;поиск-слов.рф;
браса;поиск-слов.рф;
бреда;поиск-слов.рф;
бредь;поиск-слов.рф;
брезг;поиск-слов.рф;
бриар;поиск-слов.рф;
брида;поиск-слов.рф;
брика;поиск-слов.рф;
бриль;поиск-слов.рф;
брифы;поиск-слов.рф;
броги;поиск-слов.рф;
бртуч;поиск-слов.рф;
брыль;поиск-слов.рф;
бубка;поиск-слов.рф;
бубны;поиск-слов.рф;
будан;поиск-слов.рф;
будин;поиск-слов.рф;
будяк;поиск-слов.рф;
бузав;поиск-слов.рф;
букол;поиск-слов.рф;
булик;поиск-слов.рф;
бульк;поиск-слов.рф;
бумер;поиск-слов.рф;
бурек;поиск-слов.рф;
бурре;поиск-слов.рф;
бутен;поиск-слов.рф;
бутер;поиск-слов.рф;
бутит;поиск-слов.рф;
бутня;поиск-слов.рф;
буфан;поиск-слов.рф;
буфон;поиск-слов.рф;
бухач;поиск-слов.рф;
бухид;поиск-слов.рф;
бухич;поиск-слов.рф;
бушма;поиск-слов.рф;
бушон;поиск-слов.рф;
буява;поиск-слов.рф;
былие;поиск-слов.рф;
былка;поиск-слов.рф;
былое;поиск-слов.рф;
бэгги;поиск-слов.рф;
бэкап;поиск-слов.рф;
бэнди;поиск-слов.рф;
бэшка;поиск-слов.рф;
бюкса;поиск-слов.рф;
бюнад;поиск-слов.рф;
вавка;поиск-слов.рф;
ваган;поиск-слов.рф;
вагуй;поиск-слов.рф;
вадья;поиск-слов.рф;
вазик;поиск-слов.рф;
вайда;поиск-слов.рф;
вайфу;поиск-слов.рф;
вакуф;поиск-слов.рф;
валеж;поиск-слов.рф;
валки;поиск-слов.рф;
вамби;поиск-слов.рф;
ванек;поиск-слов.рф;
вапор;поиск-слов.рф;
варга;поиск-слов.рф;
варез;поиск-слов.рф;
варик;поиск-слов.рф;
вария;поиск-слов.рф;
варна;поиск-слов.рф;
варок;поиск-слов.рф;
ватан;поиск-слов.рф;
ватты;поиск-слов.рф;
вебер;поиск-слов.рф;
веган;поиск-слов.рф;
ведет;поиск-слов.рф;
ведом;поиск-слов.рф;
везир;поиск-слов.рф;
везун;поиск-слов.рф;
велец;поиск-слов.рф;
велит;поиск-слов.рф;
велми;поиск-слов.рф;
велум;поиск-слов.рф;
вельт;поиск-слов.рф;
венда;поиск-слов.рф;
веняк;поиск-слов.рф;
верня;поиск-слов.рф;
версо;поиск-слов.рф;
верун;поиск-слов.рф;
вески;поиск-слов.рф;
весок;поиск-слов.рф;
весси;поиск-слов.рф;
вести;поиск-слов.рф;
вещее;поиск-слов.рф;
взбег;поиск-слов.рф;
взрыд;поиск-слов.рф;
взъем;поиск-слов.рф;
виабу;поиск-слов.рф;
видак;поиск-слов.рф;
видма;поиск-слов.рф;
видос;поиск-слов.рф;
виела;поиск-слов.рф;
визаж;поиск-слов.рф;
визор;поиск-слов.рф;
винда;поиск-слов.рф;
винир;поиск-слов.рф;
винча;поиск-слов.рф;
випка;поиск-слов.рф;
вирга;поиск-слов.рф;
вирша;поиск-слов.рф;
виска;поиск-слов.рф;
вистл;поиск-слов.рф;
висяк;поиск-слов.рф;
вишер;поиск-слов.рф;
вишну;поиск-слов.рф;
влчак;поиск-слов.рф;
воббл;поиск-слов.рф;
водок;поиск-слов.рф;
водья;поиск-слов.рф;
возжа;поиск-слов.рф;
возик;поиск-слов.рф;
войда;поиск-слов.рф;
вокоу;поиск-слов.рф;
волоф;поиск-слов.рф;
волюм;поиск-слов.рф;
ворга;поиск-слов.рф;
вороп;поиск-слов.рф;
ворса;поиск-слов.рф;
вотив;поиск-слов.рф;
вохра;поиск-слов.рф;
вошик;поиск-слов.рф;
вриод;поиск-слов.рф;
вспых;поиск-слов.рф;
всток;поиск-слов.рф;
всука;поиск-слов.рф;
вуйна;поиск-слов.рф;
вурда;поиск-слов.рф;
вуфер;поиск-слов.рф;
выбой;поиск-слов.рф;
вывес;поиск-слов.рф;
выгар;поиск-слов.рф;
выдуй;поиск-слов.рф;
выкол;поиск-слов.рф;
вылив;поиск-слов.рф;
вымах;поиск-слов.рф;
вымет;поиск-слов.рф;
вымич;поиск-слов.рф;
вымор;поиск-слов.рф;
выпук;поиск-слов.рф;
вырий;поиск-слов.рф;
высер;поиск-слов.рф;
высол;поиск-слов.рф;
вышак;поиск-слов.рф;
вышиб;поиск-слов.рф;
выщип;поиск-слов.рф;
вэйци;поиск-слов.рф;
вэшка;поиск-слов.рф;
вязок;поиск-слов.рф;
вязье;поиск-слов.рф;
габба;поиск-слов.рф;
гавар;поиск-слов.рф;
гадей;поиск-слов.рф;
гадес;поиск-слов.рф;
гадик;поиск-слов.рф;
гадье;поиск-слов.рф;
газер;поиск-слов.рф;
газок;поиск-слов.рф;
гайно;поиск-слов.рф;
галда;поиск-слов.рф;
галея;поиск-слов.рф;
галла;поиск-слов.рф;
галос;поиск-слов.рф;
галья;поиск-слов.рф;
галюн;поиск-слов.рф;
гамаз;поиск-слов.рф;
гаман;поиск-слов.рф;
гамба;поиск-слов.рф;
гамон;поиск-слов.рф;
гамут;поиск-слов.рф;
ганза;поиск-слов.рф;
гаочэ;поиск-слов.рф;
гарде;поиск-слов.рф;
гарик;поиск-слов.рф;
гарнц;поиск-слов.рф;
гарум;поиск-слов.рф;
гаспс;поиск-слов.рф;
гауда;поиск-слов.рф;
гафер;поиск-слов.рф;
гахам;поиск-слов.рф;
гваяк;поиск-слов.рф;
гедза;поиск-слов.рф;
гезат;поиск-слов.рф;
гезит;поиск-слов.рф;
гейма;поиск-слов.рф;
гекта;поиск-слов.рф;
гелик;поиск-слов.рф;
гелит;поиск-слов.рф;
гелон;поиск-слов.рф;
гемин;поиск-слов.рф;
гемор;поиск-слов.рф;
генез;поиск-слов.рф;
генин;поиск-слов.рф;
гепид;поиск-слов.рф;
герат;поиск-слов.рф;
герлз;поиск-слов.рф;
герлс;поиск-слов.рф;
герыч;поиск-слов.рф;
гиада;поиск-слов.рф;
гиады;поиск-слов.рф;
гибка;поиск-слов.рф;
гизмо;поиск-слов.рф;
гикос;поиск-слов.рф;
гилас;поиск-слов.рф;
гимор;поиск-слов.рф;
гипар;поиск-слов.рф;
гирос;поиск-слов.рф;
гитан;поиск-слов.рф;
гифка;поиск-слов.рф;
глаза;поиск-слов.рф;
глеба;поиск-слов.рф;
глефа;поиск-слов.рф;
глинт;поиск-слов.рф;
глиоз;поиск-слов.рф;
глитч;поиск-слов.рф;
глогг;поиск-слов.рф;
глуар;поиск-слов.рф;
глузг;поиск-слов.рф;
глузд;поиск-слов.рф;
глыбь;поиск-слов.рф;
глюма;поиск-слов.рф;
глясе;поиск-слов.рф;
гноза;поиск-слов.рф;
гоглы;поиск-слов.рф;
годжи;поиск-слов.рф;
гоист;поиск-слов.рф;
голем;поиск-слов.рф;
голый;поиск-слов.рф;not-exists
гомар;поиск-слов.рф;
гомей;поиск-слов.рф;
гомно;поиск-слов.рф;
гонзо;поиск-слов.рф;
гонит;поиск-слов.рф;
гонок;поиск-слов.рф;
горит;поиск-слов.рф;
горно;поиск-слов.рф;
горпо;поиск-слов.рф;
гости;поиск-слов.рф;
гофра;поиск-слов.рф;
гофре;поиск-слов.рф;
граве;поиск-слов.рф;
грайм;поиск-слов.рф;
гранж;поиск-слов.рф;
гребь;поиск-слов.рф;
грежа;поиск-слов.рф;
грейд;поиск-слов.рф;
гриба;поиск-слов.рф;
грибы;поиск-слов.рф;
гринд;поиск-слов.рф;
грипс;поиск-слов.рф;
гроул;поиск-слов.рф;
грюйт;поиск-слов.рф;
гуаса;поиск-слов.рф;
губач;поиск-слов.рф;
губер;поиск-слов.рф;
губье;поиск-слов.рф;
гугня;поиск-слов.рф;
гугол;поиск-слов.рф;
гудеж;поиск-слов.рф;
гужик;поиск-слов.рф;
гужир;поиск-слов.рф;
гуиро;поиск-слов.рф;
гулаг;поиск-слов.рф;
гуляк;поиск-слов.рф;
гумоз;поиск-слов.рф;
гумор;поиск-слов.рф;
гунфу;поиск-слов.рф;
гуппи;поиск-слов.рф;
гурда;поиск-слов.рф;
гурий;поиск-слов.рф;
гурон;поиск-слов.рф;
гурья;поиск-слов.рф;
гусан;поиск-слов.рф;
гусик;поиск-слов.рф;
гусле;поиск-слов.рф;
гутта;поиск-слов.рф;
гэбня;поиск-слов.рф;
гэнро;поиск-слов.рф;
гэпэу;поиск-слов.рф;
гэшка;поиск-слов.рф;
гювеч;поиск-слов.рф;
гюлеш;поиск-слов.рф;
дабке;поиск-слов.рф;
давеж;поиск-слов.рф;
дадан;поиск-слов.рф;
дадух;поиск-слов.рф;
далет;поиск-слов.рф;
далит;поиск-слов.рф;
дамаг;поиск-слов.рф;
даная;поиск-слов.рф;
даний;поиск-слов.рф;
данса;поиск-слов.рф;
дасия;поиск-слов.рф;
датер;поиск-слов.рф;
датив;поиск-слов.рф;
датог;поиск-слов.рф;
дафна;поиск-слов.рф;
двига;поиск-слов.рф;
дворф;поиск-слов.рф;
двояк;поиск-слов.рф;
дебаг;поиск-слов.рф;
дебай;поиск-слов.рф;
дебрь;поиск-слов.рф;
девот;поиск-слов.рф;
дедал;поиск-слов.рф;
дедич;поиск-слов.рф;
дезик;поиск-слов.рф;not-exists
делис;поиск-слов.рф;
демка;поиск-слов.рф;
деним;поиск-слов.рф;
денье;поиск-слов.рф;
депра;поиск-слов.рф;
дерка;поиск-слов.рф;
детки;поиск-слов.рф;
джанк;поиск-слов.рф;
джерк;поиск-слов.рф;
джила;поиск-слов.рф;
джины;поиск-слов.рф;
джоки;поиск-слов.рф;
дзито;поиск-слов.рф;
дзомо;поиск-слов.рф;
диана;поиск-слов.рф;
дибит;поиск-слов.рф;
дигук;поиск-слов.рф;
дикий;поиск-слов.рф;not-exists
дилдо;поиск-слов.рф;
дилей;поиск-слов.рф;
дилен;поиск-слов.рф;
дилун;поиск-слов.рф;
дильс;поиск-слов.рф;
динги;поиск-слов.рф;
динка;поиск-слов.рф;
динод;поиск-слов.рф;
дипин;поиск-слов.рф;
дипир;поиск-слов.рф;
дирик;поиск-слов.рф;
дирит;поиск-слов.рф;
дифон;поиск-слов.рф;
дичка;поиск-слов.рф;
довга;поиск-слов.рф;
довоз;поиск-слов.рф;
догон;поиск-слов.рф;
догри;поиск-слов.рф;
додзе;поиск-слов.рф;
додик;поиск-слов.рф;
додой;поиск-слов.рф;
доезд;поиск-слов.рф;
дожиг;поиск-слов.рф;
дожим;поиск-слов.рф;
дойло;поиск-слов.рф;
докал;поиск-слов.рф;
долби;поиск-слов.рф;
долив;поиск-слов.рф;
долма;поиск-слов.рф;
домек;поиск-слов.рф;
домер;поиск-слов.рф;
донат;поиск-слов.рф;
донер;поиск-слов.рф;
донум;поиск-слов.рф;
допан;поиск-слов.рф;
дорги;поиск-слов.рф;
дорка;поиск-слов.рф;
дорос;поиск-слов.рф;
досев;поиск-слов.рф;
досыл;поиск-слов.рф;
дотер;поиск-слов.рф;
доула;поиск-слов.рф;
дошик;поиск-слов.рф;
дошка;поиск-слов.рф;
дрейн;поиск-слов.рф;
дрись;поиск-слов.рф;
дроги;поиск-слов.рф;
дроля;поиск-слов.рф;
дроун;поиск-слов.рф;
дрызг;поиск-слов.рф;
дрына;поиск-слов.рф;
дуате;поиск-слов.рф;
дубак;поиск-слов.рф;
дубец;поиск-слов.рф;
дувал;поиск-слов.рф;
дудеж;поиск-слов.рф;
дудук;поиск-слов.рф;
дукан;поиск-слов.рф;
дукер;поиск-слов.рф;
думак;поиск-слов.рф;
думач;поиск-слов.рф;
дунам;поиск-слов.рф;
дунец;поиск-слов.рф;
дунст;поиск-слов.рф;
дуомо;поиск-слов.рф;
дупль;поиск-слов.рф;
дурик;поиск-слов.рф;
дурит;поиск-слов.рф;
дурка;поиск-слов.рф;exists
дутый;поиск-слов.рф;not-exists
дыхло;поиск-слов.рф;
дьюар;поиск-слов.рф;
дэнэр;поиск-слов.рф;
дэшка;поиск-слов.рф;
дюбек;поиск-слов.рф;
дюбка;поиск-слов.рф;
дюрит;поиск-слов.рф;
дядек;поиск-слов.рф;
ебико;поиск-слов.рф;
еврик;поиск-слов.рф;
едома;поиск-слов.рф;
едрос;поиск-слов.рф;
едьба;поиск-слов.рф;
ездюк;поиск-слов.рф;
елань;поиск-слов.рф;
елбан;поиск-слов.рф;
елень;поиск-слов.рф;
елина;поиск-слов.рф;
елман;поиск-слов.рф;
емеля;поиск-слов.рф;
ергак;поиск-слов.рф;
ермон;поиск-слов.рф;
ермос;поиск-слов.рф;
есеня;поиск-слов.рф;
еюнит;поиск-слов.рф;
жабры;поиск-слов.рф;
жакоб;поиск-слов.рф;
жалко;поиск-слов.рф;not-exists
жатье;поиск-слов.рф;
ждуля;поиск-слов.рф;
жевка;поиск-слов.рф;
желвь;поиск-слов.рф;
жеста;поиск-слов.рф;
живое;поиск-слов.рф;
живье;поиск-слов.рф;
жидва;поиск-слов.рф;
жидня;поиск-слов.рф;
жидок;поиск-слов.рф;
жижка;поиск-слов.рф;
жилое;поиск-слов.рф;
жирши;поиск-слов.рф;
жопис;поиск-слов.рф;
жопка;поиск-слов.рф;
жопуа;поиск-слов.рф;
жудец;поиск-слов.рф;
жужик;поиск-слов.рф;
жумар;поиск-слов.рф;
жунта;поиск-слов.рф;
жупка;поиск-слов.рф;
журка;поиск-слов.рф;
жутик;поиск-слов.рф;
забив;поиск-слов.рф;
завес;поиск-слов.рф;
завша;поиск-слов.рф;
загад;поиск-слов.рф;
задир;поиск-слов.рф;
заеда;поиск-слов.рф;
закоп;поиск-слов.рф;
закос;поиск-слов.рф;
закус;поиск-слов.рф;
закят;поиск-слов.рф;
залаз;поиск-слов.рф;
залец;поиск-слов.рф;
заман;поиск-слов.рф;
замин;поиск-слов.рф;
замот;поиск-слов.рф;
занде;поиск-слов.рф;
зандр;поиск-слов.рф;
запон;поиск-слов.рф;
зарев;поиск-слов.рф;
зарик;поиск-слов.рф;
зарин;поиск-слов.рф;
засыл;поиск-слов.рф;
затар;поиск-слов.рф;
затуп;поиск-слов.рф;
затык;поиск-слов.рф;
зашаг;поиск-слов.рф;
защеп;поиск-слов.рф;
защип;поиск-слов.рф;
заява;поиск-слов.рф;
звень;поиск-слов.рф;
зигит;поиск-слов.рф;
зилок;поиск-слов.рф;
зимка;поиск-слов.рф;
зипка;поиск-слов.рф;
зихер;поиск-слов.рф;
зобик;поиск-слов.рф;
зоман;поиск-слов.рф;
зорит;поиск-слов.рф;
зрада;поиск-слов.рф;
зудеж;поиск-слов.рф;
зулюм;поиск-слов.рф;
зумба;поиск-слов.рф;
зумер;поиск-слов.рф;
зушка;поиск-слов.рф;
зэчка;поиск-слов.рф;
зэчье;поиск-слов.рф;
зябра;поиск-слов.рф;
зятик;поиск-слов.рф;
иббур;поиск-слов.рф;
ибекс;поиск-слов.рф;
ивент;поиск-слов.рф;
игиль;поиск-слов.рф;
игнор;поиск-слов.рф;
иготь;поиск-слов.рф;
идаит;поиск-слов.рф;
иджма;поиск-слов.рф;
ижора;поиск-слов.рф;
извин;поиск-слов.рф;
изида;поиск-слов.рф;
излад;поиск-слов.рф;
излог;поиск-слов.рф;
измол;поиск-слов.рф;
икаит;поиск-слов.рф;
икаль;поиск-слов.рф;
икряк;поиск-слов.рф;
иксер;поиск-слов.рф;
илеус;поиск-слов.рф;
иллит;поиск-слов.рф;
ильма;поиск-слов.рф;
ильче;поиск-слов.рф;
имейл;поиск-слов.рф;
импет;поиск-слов.рф;
инвит;поиск-слов.рф;
индел;поиск-слов.рф;
индит;поиск-слов.рф;
индра;поиск-слов.рф;
инпут;поиск-слов.рф;
инста;поиск-слов.рф;
интро;поиск-слов.рф;
инуит;поиск-слов.рф;
инула;поиск-слов.рф;
инфиз;поиск-слов.рф;
инцел;поиск-слов.рф;
инчас;поиск-слов.рф;
иодат;поиск-слов.рф;
иодюр;поиск-слов.рф;
иолит;поиск-слов.рф;
иомуд;поиск-слов.рф;
иомут;поиск-слов.рф;
иония;поиск-слов.рф;
ирида;поиск-слов.рф;
исавр;поиск-слов.рф;
исида;поиск-слов.рф;
искин;поиск-слов.рф;
ископ;поиск-слов.рф;
итоит;поиск-слов.рф;
ифика;поиск-слов.рф;
ифрит;поиск-слов.рф;
ифтар;поиск-слов.рф;
ихрам;поиск-слов.рф;
ихтис;поиск-слов.рф;
ишхан;поиск-слов.рф;
йезид;поиск-слов.рф;
йенец;поиск-слов.рф;
йидиш;поиск-слов.рф;
йиппи;поиск-слов.рф;
йогин;поиск-слов.рф;
йодль;поиск-слов.рф;
йотун;поиск-слов.рф;
кабич;поиск-слов.рф;
кавай;поиск-слов.рф;
кавал;поиск-слов.рф;
кадаг;поиск-слов.рф;
кадар;поиск-слов.рф;
кадиш;поиск-слов.рф;
кадра;поиск-слов.рф;
кадры;поиск-слов.рф;
кайен;поиск-слов.рф;
кайка;поиск-слов.рф;
кайна;поиск-слов.рф;
кайчи;поиск-слов.рф;
какел;поиск-слов.рф;
какша;поиск-слов.рф;
калан;поиск-слов.рф;
калаш;поиск-слов.рф;not-exists
калба;поиск-слов.рф;
калик;поиск-слов.рф;
калиф;поиск-слов.рф;
кальк;поиск-слов.рф;
калья;поиск-слов.рф;
калям;поиск-слов.рф;
камас;поиск-слов.рф;
камео;поиск-слов.рф;
камус;поиск-слов.рф;
камут;поиск-слов.рф;
канзу;поиск-слов.рф;
канит;поиск-слов.рф;
капли;поиск-слов.рф;
капри;поиск-слов.рф;
капча;поиск-слов.рф;
карвы;поиск-слов.рф;
карен;поиск-слов.рф;not-exists
карет;поиск-слов.рф;not-exists
кария;поиск-слов.рф;
карло;поиск-слов.рф;not-exists
карок;поиск-слов.рф;
карты;поиск-слов.рф;
карук;поиск-слов.рф;
карша;поиск-слов.рф;
касло;поиск-слов.рф;
катал;поиск-слов.рф;
катин;поиск-слов.рф;not-exists
катка;поиск-слов.рф;
катки;поиск-слов.рф;
катух;поиск-слов.рф;
катыр;поиск-слов.рф;
катях;поиск-слов.рф;
кауза;поиск-слов.рф;
кафар;поиск-слов.рф;
кацея;поиск-слов.рф;
качим;поиск-слов.рф;
квадр;поиск-слов.рф;
квала;поиск-слов.рф;
квилт;поиск-слов.рф;
квиют;поиск-слов.рф;
кегли;поиск-слов.рф;
кедик;поиск-слов.рф;
кеинг;поиск-слов.рф;
кекит;поиск-слов.рф;
кекур;поиск-слов.рф;
кекчи;поиск-слов.рф;
келия;поиск-слов.рф;
кеназ;поиск-слов.рф;
кенеш;поиск-слов.рф;
кербь;поиск-слов.рф;
керит;поиск-слов.рф;
кетен;поиск-слов.рф;
кетоз;поиск-слов.рф;
кибер;поиск-слов.рф;
кибла;поиск-слов.рф;
кидок;поиск-слов.рф;
кижуч;поиск-слов.рф;
кикер;поиск-слов.рф;
килик;поиск-слов.рф;
кильт;поиск-слов.рф;
кимчи;поиск-слов.рф;
кинед;поиск-слов.рф;
киноа;поиск-слов.рф;
кинто;поиск-слов.рф;
кинцо;поиск-слов.рф;
кипеж;поиск-слов.рф;
кипер;поиск-слов.рф;
кипеш;поиск-слов.рф;
кипиш;поиск-слов.рф;
кипка;поиск-слов.рф;
кисва;поиск-слов.рф;
кисэн;поиск-слов.рф;
китаб;поиск-слов.рф;
китит;поиск-слов.рф;
кихон;поиск-слов.рф;
кишки;поиск-слов.рф;
клава;поиск-слов.рф;
клада;поиск-слов.рф;
клапы;поиск-слов.рф;
клатч;поиск-слов.рф;
клект;поиск-слов.рф;
клерс;поиск-слов.рф;
кликс;поиск-слов.рф;
клипс;поиск-слов.рф;
клифт;поиск-слов.рф;
клоак;поиск-слов.рф;
клоке;поиск-слов.рф;
кломп;поиск-слов.рф;
кнели;поиск-слов.рф;
кникс;поиск-слов.рф;
кнорр;поиск-слов.рф;
коата;поиск-слов.рф;
коати;поиск-слов.рф;
кобея;поиск-слов.рф;
кобия;поиск-слов.рф;
кобуз;поиск-слов.рф;
кобыз;поиск-слов.рф;
ковен;поиск-слов.рф;
ковид;поиск-слов.рф;
ковит;поиск-слов.рф;
ковок;поиск-слов.рф;
коген;поиск-слов.рф;
когия;поиск-слов.рф;
кодия;поиск-слов.рф;
коель;поиск-слов.рф;
кожье;поиск-слов.рф;
козак;поиск-слов.рф;
козан;поиск-слов.рф;
козны;поиск-слов.рф;
кознь;поиск-слов.рф;
коикс;поиск-слов.рф;
койма;поиск-слов.рф;
койол;поиск-слов.рф;
кокле;поиск-слов.рф;
кокни;поиск-слов.рф;
кокус;поиск-слов.рф;
колик;поиск-слов.рф;
колоз;поиск-слов.рф;
колот;поиск-слов.рф;
колош;поиск-слов.рф;
колтт;поиск-слов.рф;
колча;поиск-слов.рф;
комбо;поиск-слов.рф;
комбу;поиск-слов.рф;
комес;поиск-слов.рф;
комит;поиск-слов.рф;
комми;поиск-слов.рф;
комса;поиск-слов.рф;
конго;поиск-слов.рф;
конид;поиск-слов.рф;
конте;поиск-слов.рф;
конто;поиск-слов.рф;
конфа;поиск-слов.рф;
конфи;поиск-слов.рф;
конча;поиск-слов.рф;
копец;поиск-слов.рф;
копие;поиск-слов.рф;
коппа;поиск-слов.рф;
корат;поиск-слов.рф;not-exists
корчь;поиск-слов.рф;
косая;поиск-слов.рф;
коска;поиск-слов.рф;
косма;поиск-слов.рф;
косой;поиск-слов.рф;not-exists
коспа;поиск-слов.рф;
кости;поиск-слов.рф;
косье;поиск-слов.рф;
котец;поиск-слов.рф;
котип;поиск-слов.рф;
котлы;поиск-слов.рф;
коток;поиск-слов.рф;
котух;поиск-слов.рф;
кохен;поиск-слов.рф;
кохит;поиск-слов.рф;
коцит;поиск-слов.рф;
кошак;поиск-слов.рф;
крабб;поиск-слов.рф;
краза;поиск-слов.рф;
краль;поиск-слов.рф;
крамп;поиск-слов.рф;
кранк;поиск-слов.рф;
крант;поиск-слов.рф;
кранц;поиск-слов.рф;
кранч;поиск-слов.рф;
краст;поиск-слов.рф;
крема;поиск-слов.рф;
крень;поиск-слов.рф;
крига;поиск-слов.рф;
криль;поиск-слов.рф;
крими;поиск-слов.рф;
кринж;поиск-слов.рф;
кроат;поиск-слов.рф;
крота;поиск-слов.рф;not-exists
круть;поиск-слов.рф;
крыга;поиск-слов.рф;
крэпс;поиск-слов.рф;
ксана;поиск-слов.рф;
ксень;поиск-слов.рф;
ксист;поиск-слов.рф;
ктырь;поиск-слов.рф;
куббе;поиск-слов.рф;
кубло;поиск-слов.рф;
кувез;поиск-слов.рф;
кудла;поиск-слов.рф;
кудлы;поиск-слов.рф;
кукож;поиск-слов.рф;
кукси;поиск-слов.рф;
куксу;поиск-слов.рф;
кукуи;поиск-слов.рф;
кукша;поиск-слов.рф;
кумай;поиск-слов.рф;
куман;поиск-слов.рф;
кумар;поиск-слов.рф;
кумин;поиск-слов.рф;
кумол;поиск-слов.рф;
кумуз;поиск-слов.рф;
кунка;поиск-слов.рф;
куньи;поиск-слов.рф;
купер;поиск-слов.рф;
купор;поиск-слов.рф;
курай;поиск-слов.рф;
курак;поиск-слов.рф;
кураш;поиск-слов.рф;
курес;поиск-слов.рф;
курет;поиск-слов.рф;
курец;поиск-слов.рф;
куреш;поиск-слов.рф;
курзе;поиск-слов.рф;
курка;поиск-слов.рф;
курна;поиск-слов.рф;
курум;поиск-слов.рф;
курур;поиск-слов.рф;
куруш;поиск-слов.рф;
курши;поиск-слов.рф;
кутаб;поиск-слов.рф;
кутан;поиск-слов.рф;
кутец;поиск-слов.рф;
кутин;поиск-слов.рф;
кутра;поиск-слов.рф;
кутюм;поиск-слов.рф;
кутюр;поиск-слов.рф;
кухва;поиск-слов.рф;
кухен;поиск-слов.рф;
кухта;поиск-слов.рф;
кушит;поиск-слов.рф;
кушон;поиск-слов.рф;
кэдди;поиск-слов.рф;
кэндо;поиск-слов.рф;
кэроб;поиск-слов.рф;
кэтти;поиск-слов.рф;
кюлот;поиск-слов.рф;
кюрит;поиск-слов.рф;
кюфта;поиск-слов.рф;
кясра;поиск-слов.рф;
кяфир;поиск-слов.рф;
лабет;поиск-слов.рф;
лаваж;поиск-слов.рф;
лавда;поиск-слов.рф;
лавис;поиск-слов.рф;
лагун;поиск-слов.рф;
ладду;поиск-слов.рф;
ладка;поиск-слов.рф;
ладок;поиск-слов.рф;
лазея;поиск-слов.рф;
лазка;поиск-слов.рф;
лазок;поиск-слов.рф;
лазун;поиск-слов.рф;
лакаб;поиск-слов.рф;
лакса;поиск-слов.рф;
лалка;поиск-слов.рф;
ламба;поиск-слов.рф;
ламед;поиск-слов.рф;
ламин;поиск-слов.рф;
ланда;поиск-слов.рф;
лапиф;поиск-слов.рф;
ларва;поиск-слов.рф;
ларго;поиск-слов.рф;
лардо;поиск-слов.рф;
ласси;поиск-слов.рф;
ласта;поиск-слов.рф;
ласты;поиск-слов.рф;
ласун;поиск-слов.рф;
латив;поиск-слов.рф;
латин;поиск-слов.рф;
латте;поиск-слов.рф;
лаунж;поиск-слов.рф;
лахар;поиск-слов.рф;
лахох;поиск-слов.рф;
лахух;поиск-слов.рф;
лацци;поиск-слов.рф;
лаццо;поиск-слов.рф;
лачка;поиск-слов.рф;
левел;поиск-слов.рф;
легал;поиск-слов.рф;
легуа;поиск-слов.рф;
лейма;поиск-слов.рф;
лекса;поиск-слов.рф;
лелег;поиск-слов.рф;
лемеш;поиск-слов.рф;
лемок;поиск-слов.рф;
ленто;поиск-слов.рф;
леоне;поиск-слов.рф;
лепча;поиск-слов.рф;
лесба;поиск-слов.рф;
лесби;поиск-слов.рф;
лесха;поиск-слов.рф;
лжеца;поиск-слов.рф;
лжица;поиск-слов.рф;
либра;поиск-слов.рф;
ливан;поиск-слов.рф;
ливка;поиск-слов.рф;
лилея;поиск-слов.рф;
лимес;поиск-слов.рф;
линга;поиск-слов.рф;
линер;поиск-слов.рф;
линея;поиск-слов.рф;
линол;поиск-слов.рф;
липач;поиск-слов.рф;
липси;поиск-слов.рф;
лисищ;поиск-слов.рф;
литак;поиск-слов.рф;
литва;поиск-слов.рф;
литон;поиск-слов.рф;
литра;поиск-слов.рф;
лифак;поиск-слов.рф;
лифон;поиск-слов.рф;
лихен;поиск-слов.рф;
личер;поиск-слов.рф;
лишко;поиск-слов.рф;
лоден;поиск-слов.рф;
локша;поиск-слов.рф;
ломок;поиск-слов.рф;
лорум;поиск-слов.рф;
лофер;поиск-слов.рф;
лохма;поиск-слов.рф;
лохос;поиск-слов.рф;
лошок;поиск-слов.рф;
лукум;поиск-слов.рф;
лунда;поиск-слов.рф;
лунит;поиск-слов.рф;
лупин;поиск-слов.рф;
лурка;поиск-слов.рф;
лутич;поиск-слов.рф;
луток;поиск-слов.рф;
луффа;поиск-слов.рф;
лыдка;поиск-слов.рф;
лында;поиск-слов.рф;
лысто;поиск-слов.рф;
лысяк;поиск-слов.рф;
лытка;поиск-слов.рф;
лытки;поиск-слов.рф;
лычка;поиск-слов.рф;
лэнэр;поиск-слов.рф;
любер;поиск-слов.рф;
любое;поиск-слов.рф;
любой;поиск-слов.рф;not-exists
люгер;поиск-слов.рф;
людус;поиск-слов.рф;
люрик;поиск-слов.рф;
люстр;поиск-слов.рф;
лютье;поиск-слов.рф;
люцит;поиск-слов.рф;
ляган;поиск-слов.рф;
лягва;поиск-слов.рф;
лямур;поиск-слов.рф;
ляссе;поиск-слов.рф;
ляшка;поиск-слов.рф;
мавка;поиск-слов.рф;
магаз;поиск-слов.рф;
магей;поиск-слов.рф;
магик;поиск-слов.рф;
магот;поиск-слов.рф;
мазар;поиск-слов.рф;
мазда;поиск-слов.рф;
мазур;поиск-слов.рф;
майер;поиск-слов.рф;
майко;поиск-слов.рф;
макак;поиск-слов.рф;
макар;поиск-слов.рф;
макси;поиск-слов.рф;
малиш;поиск-слов.рф;
мамай;поиск-слов.рф;
маман;поиск-слов.рф;
мамсы;поиск-слов.рф;
мамур;поиск-слов.рф;
манас;поиск-слов.рф;
мангр;поиск-слов.рф;
манда;поиск-слов.рф;
манду;поиск-слов.рф;
манки;поиск-слов.рф;
манту;поиск-слов.рф;
манье;поиск-слов.рф;
маран;поиск-слов.рф;
марма;поиск-слов.рф;
масаи;поиск-слов.рф;
масик;поиск-слов.рф;not-exists
матан;поиск-слов.рф;
маток;поиск-слов.рф;
матюк;поиск-слов.рф;
мафик;поиск-слов.рф;
мафит;поиск-слов.рф;
махан;поиск-слов.рф;
махос;поиск-слов.рф;
мацис;поиск-слов.рф;
мацун;поиск-слов.рф;
машта;поиск-слов.рф;
медея;поиск-слов.рф;
медий;поиск-слов.рф;
медин;поиск-слов.рф;
медье;поиск-слов.рф;
мекка;поиск-слов.рф;
мелик;поиск-слов.рф;
мельк;поиск-слов.рф;
мемас;поиск-слов.рф;
мемес;поиск-слов.рф;
мемос;поиск-слов.рф;
менди;поиск-слов.рф;
менжа;поиск-слов.рф;
менка;поиск-слов.рф;
мером;поиск-слов.рф;
метал;поиск-слов.рф;
метин;поиск-слов.рф;
мешка;поиск-слов.рф;
миазм;поиск-слов.рф;
мивал;поиск-слов.рф;
мигма;поиск-слов.рф;
милиа;поиск-слов.рф;
милое;поиск-слов.рф;
милон;поиск-слов.рф;
милфа;поиск-слов.рф;
милый;поиск-слов.рф;not-exists
мильт;поиск-слов.рф;
мимик;поиск-слов.рф;
миник;поиск-слов.рф;
минос;поиск-слов.рф;
минчс;поиск-слов.рф;
мираб;поиск-слов.рф;
мирка;поиск-слов.рф;
мирта;поиск-слов.рф;
митап;поиск-слов.рф;
митек;поиск-слов.рф;not-exists
мичиф;поиск-слов.рф;
мишук;поиск-слов.рф;
мнема;поиск-слов.рф;
мнихи;поиск-слов.рф;
моаре;поиск-слов.рф;
мобер;поиск-слов.рф;
мобик;поиск-слов.рф;
могул;поиск-слов.рф;
модал;поиск-слов.рф;
модер;поиск-слов.рф;
модий;поиск-слов.рф;
мозги;поиск-слов.рф;
моизм;поиск-слов.рф;
мокап;поиск-слов.рф;
мокик;поиск-слов.рф;
мокой;поиск-слов.рф;
молка;поиск-слов.рф;
молян;поиск-слов.рф;
момме;поиск-слов.рф;
мондо;поиск-слов.рф;
моник;поиск-слов.рф;
монки;поиск-слов.рф;
морит;поиск-слов.рф;
мория;поиск-слов.рф;
морон;поиск-слов.рф;
мотик;поиск-слов.рф;
мофет;поиск-слов.рф;
мохит;поиск-слов.рф;
мохна;поиск-слов.рф;
мошав;поиск-слов.рф;
моэль;поиск-слов.рф;
муаре;поиск-слов.рф;
мугам;поиск-слов.рф;
мугат;поиск-слов.рф;
мудня;поиск-слов.рф;
мудра;поиск-слов.рф;
музга;поиск-слов.рф;
музло;поиск-слов.рф;
музон;поиск-слов.рф;
мульк;поиск-слов.рф;
мульт;поиск-слов.рф;
мунго;поиск-слов.рф;
мунгу;поиск-слов.рф;
мунит;поиск-слов.рф;
мурал;поиск-слов.рф;
мурда;поиск-слов.рф;
мурин;поиск-слов.рф;
мурит;поиск-слов.рф;
мурти;поиск-слов.рф;
мусат;поиск-слов.рф;
мусье;поиск-слов.рф;
мутул;поиск-слов.рф;
муфти;поиск-слов.рф;
мухач;поиск-слов.рф;
мушар;поиск-слов.рф;
мушир;поиск-слов.рф;
мчади;поиск-слов.рф;
мшара;поиск-слов.рф;
мшель;поиск-слов.рф;
мысли;поиск-слов.рф;
мысля;поиск-слов.рф;
мытня;поиск-слов.рф;
мычка;поиск-слов.рф;
мышак;поиск-слов.рф;
мэлан;поиск-слов.рф;
мэрон;поиск-слов.рф;
мэрша;поиск-слов.рф;
мэшап;поиск-слов.рф;
мюзле;поиск-слов.рф;
мянда;поиск-слов.рф;
мятка;поиск-слов.рф;
набка;поиск-слов.рф;
набла;поиск-слов.рф;
набой;поиск-слов.рф;
набот;поиск-слов.рф;
наваб;поиск-слов.рф;
навий;поиск-слов.рф;
навка;поиск-слов.рф;
нагид;поиск-слов.рф;
надом;поиск-слов.рф;
нажиг;поиск-слов.рф;
найки;поиск-слов.рф;
накид;поиск-слов.рф;
накол;поиск-слов.рф;
накоп;поиск-слов.рф;
накра;поиск-слов.рф;
накры;поиск-слов.рф;
налеп;поиск-слов.рф;
налик;поиск-слов.рф;
нанай;поиск-слов.рф;
нанга;поиск-слов.рф;
нанди;поиск-слов.рф;
наноб;поиск-слов.рф;
напас;поиск-слов.рф;
наппа;поиск-слов.рф;
нарты;поиск-слов.рф;
наруч;поиск-слов.рф;
натес;поиск-слов.рф;
науру;поиск-слов.рф;
нафта;поиск-слов.рф;
нахия;поиск-слов.рф;
нацик;поиск-слов.рф;
начал;поиск-слов.рф;
начос;поиск-слов.рф;
нгала;поиск-слов.рф;
нгони;поиск-слов.рф;
небел;поиск-слов.рф;
невер;поиск-слов.рф;
нейит;поиск-слов.рф;
немой;поиск-слов.рф;exists
непер;поиск-слов.рф;
непот;поиск-слов.рф;
нервы;поиск-слов.рф;
несун;поиск-слов.рф;
нетяг;поиск-слов.рф;
неуют;поиск-слов.рф;
нефеш;поиск-слов.рф;
нивка;поиск-слов.рф;
нигга;поиск-слов.рф;
никаб;поиск-слов.рф;
никса;поиск-слов.рф;
нилит;поиск-слов.рф;
нимит;поиск-слов.рф;
нисба;поиск-слов.рф;
нишка;поиск-слов.рф;
нищая;поиск-слов.рф;
нищук;поиск-слов.рф;
нияма;поиск-слов.рф;
новая;поиск-слов.рф;
новье;поиск-слов.рф;
ногаи;поиск-слов.рф;
ногай;поиск-слов.рф;
нодья;поиск-слов.рф;
номос;поиск-слов.рф;
нонан;поиск-слов.рф;
норит;поиск-слов.рф;
норос;поиск-слов.рф;
носак;поиск-слов.рф;
носки;поиск-слов.рф;
нохчи;поиск-слов.рф;
ночвы;поиск-слов.рф;
ночер;поиск-слов.рф;
ношпа;поиск-слов.рф;
ноэль;поиск-слов.рф;
нравы;поиск-слов.рф;
нубук;поиск-слов.рф;
нудга;поиск-слов.рф;
нудеж;поиск-слов.рф;
нудик;поиск-слов.рф;
нумен;поиск-слов.рф;
нумер;поиск-слов.рф;not-exists
нураг;поиск-слов.рф;
нынлу;поиск-слов.рф;
нырец;поиск-слов.рф;
нычка;поиск-слов.рф;
нэнго;поиск-слов.рф;
нэпач;поиск-слов.рф;
нэцкэ;поиск-слов.рф;
нямка;поиск-слов.рф;
обакэ;поиск-слов.рф;
обдел;поиск-слов.рф;
обедь;поиск-слов.рф;
обкоп;поиск-слов.рф;
обкос;поиск-слов.рф;
облак;поиск-слов.рф;
облас;поиск-слов.рф;
облив;поиск-слов.рф;
обнал;поиск-слов.рф;
ободь;поиск-слов.рф;
обрис;поиск-слов.рф;
оброн;поиск-слов.рф;
обсер;поиск-слов.рф;
обсос;поиск-слов.рф;
обужа;поиск-слов.рф;
обчет;поиск-слов.рф;
общее;поиск-слов.рф;
овист;поиск-слов.рф;
овоид;поиск-слов.рф;
овощь;поиск-слов.рф;
овуль;поиск-слов.рф;
огарь;поиск-слов.рф;
огляд;поиск-слов.рф;
одаль;поиск-слов.рф;
оддит;поиск-слов.рф;
оелит;поиск-слов.рф;
ожина;поиск-слов.рф;
оидий;поиск-слов.рф;
оидия;поиск-слов.рф;
ойлер;поиск-слов.рф;
ойран;поиск-слов.рф;
ойрат;поиск-слов.рф;
окаем;поиск-слов.рф;
окара;поиск-слов.рф;
окиян;поиск-слов.рф;
оковы;поиск-слов.рф;not-exists
оксим;поиск-слов.рф;
оксия;поиск-слов.рф;
октал;поиск-слов.рф;
октен;поиск-слов.рф;
олимп;поиск-слов.рф;
олтар;поиск-слов.рф;
омаха;поиск-слов.рф;
омежь;поиск-слов.рф;
оммаж;поиск-слов.рф;
омрак;поиск-слов.рф;
онсэн;поиск-слов.рф;
оншор;поиск-слов.рф;
оолог;поиск-слов.рф;
ооцит;поиск-слов.рф;
опаль;поиск-слов.рф;
опель;поиск-слов.рф;
опиан;поиск-слов.рф;
опона;поиск-слов.рф;
опхоз;поиск-слов.рф;
орала;поиск-слов.рф;
орале;поиск-слов.рф;
оранг;поиск-слов.рф;
орево;поиск-слов.рф;
оржад;поиск-слов.рф;
орион;поиск-слов.рф;
орисс;поиск-слов.рф;
оркан;поиск-слов.рф;
оркиш;поиск-слов.рф;
орлон;поиск-слов.рф;
орнат;поиск-слов.рф;
оромо;поиск-слов.рф;
ортез;поиск-слов.рф;
ортет;поиск-слов.рф;
орфей;поиск-слов.рф;
освод;поиск-слов.рф;
остав;поиск-слов.рф;
остан;поиск-слов.рф;
осташ;поиск-слов.рф;
остин;поиск-слов.рф;
остол;поиск-слов.рф;
остюк;поиск-слов.рф;
отарк;поиск-слов.рф;
отбег;поиск-слов.рф;
отлас;поиск-слов.рф;
отлип;поиск-слов.рф;
отлом;поиск-слов.рф;
отмаз;поиск-слов.рф;
отмол;поиск-слов.рф;
отмыв;поиск-слов.рф;
отпал;поиск-слов.рф;
отсыл;поиск-слов.рф;
отсып;поиск-слов.рф;
оттяг;поиск-слов.рф;
отчич;поиск-слов.рф;
отщеп;поиск-слов.рф;
офник;поиск-слов.рф;
офуро;поиск-слов.рф;
оффер;поиск-слов.рф;
оффис;поиск-слов.рф;
охлос;поиск-слов.рф;
охлуп;поиск-слов.рф;
очкун;поиск-слов.рф;
ошкуй;поиск-слов.рф;
оябун;поиск-слов.рф;
паваж;поиск-слов.рф;
пагль;поиск-слов.рф;
пагон;поиск-слов.рф;
паддл;поиск-слов.рф;
падик;поиск-слов.рф;
падма;поиск-слов.рф;
падог;поиск-слов.рф;
падра;поиск-слов.рф;
пажик;поиск-слов.рф;
пазик;поиск-слов.рф;not-exists
пайва;поиск-слов.рф;
пайза;поиск-слов.рф;
пайол;поиск-слов.рф;
пайта;поиск-слов.рф;
пакша;поиск-слов.рф;
палау;поиск-слов.рф;
палех;поиск-слов.рф;
палий;поиск-слов.рф;
палуб;поиск-слов.рф;
панер;поиск-слов.рф;
панир;поиск-слов.рф;
панко;поиск-слов.рф;
панок;поиск-слов.рф;
панье;поиск-слов.рф;
панья;поиск-слов.рф;
папан;поиск-слов.рф;
папах;поиск-слов.рф;
папеж;поиск-слов.рф;
парео;поиск-слов.рф;
парма;поиск-слов.рф;
парня;поиск-слов.рф;
парра;поиск-слов.рф;
парти;поиск-слов.рф;
парун;поиск-слов.рф;
паруш;поиск-слов.рф;
паршь;поиск-слов.рф;
парья;поиск-слов.рф;
пасик;поиск-слов.рф;
паска;поиск-слов.рф;
пасма;поиск-слов.рф;
пасок;поиск-слов.рф;
паташ;поиск-слов.рф;
патка;поиск-слов.рф;
паунд;поиск-слов.рф;
пахвы;поиск-слов.рф;
пегаш;поиск-слов.рф;
педик;поиск-слов.рф;
пейот;поиск-слов.рф;
пекот;поиск-слов.рф;
пенге;поиск-слов.рф;
пенго;поиск-слов.рф;
пенне;поиск-слов.рф;
пердь;поиск-слов.рф;
перит;поиск-слов.рф;
перко;поиск-слов.рф;
перло;поиск-слов.рф;
пермь;поиск-слов.рф;
перун;поиск-слов.рф;
перье;поиск-слов.рф;
песто;поиск-слов.рф;
петие;поиск-слов.рф;
петун;поиск-слов.рф;
петье;поиск-слов.рф;
печит;поиск-слов.рф;
пешец;поиск-слов.рф;
пеший;поиск-слов.рф;exists
пещер;поиск-слов.рф;
пиано;поиск-слов.рф;
пивас;поиск-слов.рф;
пижня;поиск-слов.рф;
пиита;поиск-слов.рф;
пикан;поиск-слов.рф;
пикор;поиск-слов.рф;
пикси;поиск-слов.рф;
пикча;поиск-слов.рф;
пилат;поиск-слов.рф;
пилус;поиск-слов.рф;
пимка;поиск-слов.рф;
пимки;поиск-слов.рф;
пимок;поиск-слов.рф;
пимпа;поиск-слов.рф;
пимпф;поиск-слов.рф;
пинен;поиск-слов.рф;
пинка;поиск-слов.рф;
пинна;поиск-слов.рф;
пипис;поиск-слов.рф;
пиран;поиск-слов.рф;
пирок;поиск-слов.рф;
писка;поиск-слов.рф;
писко;поиск-слов.рф;
писюк;поиск-слов.рф;
писюн;поиск-слов.рф;
питок;поиск-слов.рф;
плаза;поиск-слов.рф;
плаке;поиск-слов.рф;
плейт;поиск-слов.рф;
плесо;поиск-слов.рф;
плока;поиск-слов.рф;
побыт;поиск-слов.рф;
повер;поиск-слов.рф;
повоз;поиск-слов.рф;
повят;поиск-слов.рф;
подел;поиск-слов.рф;
подой;поиск-слов.рф;
подок;поиск-слов.рф;
поедь;поиск-слов.рф;
позык;поиск-слов.рф;
поинт;поиск-слов.рф;
покал;поиск-слов.рф;
покол;поиск-слов.рф;
покон;поиск-слов.рф;
покор;поиск-слов.рф;
покус;поиск-слов.рф;
полаб;поиск-слов.рф;
полой;поиск-слов.рф;
поляр;поиск-слов.рф;
поляш;поиск-слов.рф;
помак;поиск-слов.рф;
понго;поиск-слов.рф;
понзу;поиск-слов.рф;
понты;поиск-слов.рф;
понур;поиск-слов.рф;
попас;поиск-слов.рф;
попец;поиск-слов.рф;
попил;поиск-слов.рф;
попит;поиск-слов.рф;
попок;поиск-слов.рф;
попыт;поиск-слов.рф;
поруб;поиск-слов.рф;
порус;поиск-слов.рф;
поруш;поиск-слов.рф;
порше;поиск-слов.рф;
потик;поиск-слов.рф;
потка;поиск-слов.рф;
поцик;поиск-слов.рф;
почан;поиск-слов.рф;
пошет;поиск-слов.рф;
поэза;поиск-слов.рф;
права;поиск-слов.рф;
прайм;поиск-слов.рф;
прана;поиск-слов.рф;
пранк;поиск-слов.рф;
прево;поиск-слов.рф;not-exists
преза;поиск-слов.рф;
приап;поиск-слов.рф;
принт;поиск-слов.рф;
прион;поиск-слов.рф;
прича;поиск-слов.рф;
прово;поиск-слов.рф;
прода;поиск-слов.рф;
промо;поиск-слов.рф;
проух;поиск-слов.рф;
пруха;поиск-слов.рф;
пршут;поиск-слов.рф;
прыск;поиск-слов.рф;
псили;поиск-слов.рф;
псише;поиск-слов.рф;
псоас;поиск-слов.рф;
псора;поиск-слов.рф;
псяра;поиск-слов.рф;
пуаре;поиск-слов.рф;
пузцо;поиск-слов.рф;
пукан;поиск-слов.рф;
пулен;поиск-слов.рф;
пунец;поиск-слов.рф;
пурда;поиск-слов.рф;
пусет;поиск-слов.рф;
пусто;поиск-слов.рф;not-exists
путик;поиск-слов.рф;
путин;поиск-слов.рф;
путти;поиск-слов.рф;
пухан;поиск-слов.рф;
пуцин;поиск-слов.рф;
пучка;поиск-слов.рф;
пушап;поиск-слов.рф;
пушер;поиск-слов.рф;
пушта;поиск-слов.рф;
пхали;поиск-слов.рф;
пырка;поиск-слов.рф;
пэтэу;поиск-слов.рф;
пянсе;поиск-слов.рф;
пятый;поиск-слов.рф;not-exists
рабат;поиск-слов.рф;
рабби;поиск-слов.рф;not-exists
равви;поиск-слов.рф;
рагга;поиск-слов.рф;
райда;поиск-слов.рф;
райдо;поиск-слов.рф;
райзо;поиск-слов.рф;
райпо;поиск-слов.рф;
райта;поиск-слов.рф;
райфо;поиск-слов.рф;
райят;поиск-слов.рф;
ракло;поиск-слов.рф;not-exists
рамен;поиск-слов.рф;
рамет;поиск-слов.рф;
рамэн;поиск-слов.рф;
ранье;поиск-слов.рф;
рапан;поиск-слов.рф;
расам;поиск-слов.рф;
раста;поиск-слов.рф;
ратит;поиск-слов.рф;
ратти;поиск-слов.рф;
рафид;поиск-слов.рф;
рацио;поиск-слов.рф;
рачня;поиск-слов.рф;
ребаб;поиск-слов.рф;
ребай;поиск-слов.рф;
ребзя;поиск-слов.рф;
ребис;поиск-слов.рф;
ребут;поиск-слов.рф;
ревир;поиск-слов.рф;
ревка;поиск-слов.рф;
ревью;поиск-слов.рф;
реган;поиск-слов.рф;
регат;поиск-слов.рф;
регик;поиск-слов.рф;
регия;поиск-слов.рф;
регот;поиск-слов.рф;
редиф;поиск-слов.рф;
редия;поиск-слов.рф;
редон;поиск-слов.рф;
режик;поиск-слов.рф;
рейда;поиск-слов.рф;
рекан;поиск-слов.рф;
рекап;поиск-слов.рф;
рекон;поиск-слов.рф;
ректо;поиск-слов.рф;
релка;поиск-слов.рф;
релон;поиск-слов.рф;
ремер;поиск-слов.рф;
ремеш;поиск-слов.рф;
ренат;поиск-слов.рф;
ренит;поиск-слов.рф;
репит;поиск-слов.рф;
репье;поиск-слов.рф;
ресеч;поиск-слов.рф;
ретэй;поиск-слов.рф;
ретэш;поиск-слов.рф;
рехаб;поиск-слов.рф;
решти;поиск-слов.рф;
ржавь;поиск-слов.рф;
ржака;поиск-слов.рф;
ржица;поиск-слов.рф;
рибай;поиск-слов.рф;
ривер;поиск-слов.рф;
ригид;поиск-слов.рф;
риель;поиск-слов.рф;
ризен;поиск-слов.рф;
ризка;поиск-слов.рф;
рилин;поиск-слов.рф;
ример;поиск-слов.рф;
ринда;поиск-слов.рф;
ритон;поиск-слов.рф;
рифей;поиск-слов.рф;
рогор;поиск-слов.рф;
родак;поиск-слов.рф;
родан;поиск-слов.рф;
родер;поиск-слов.рф;
рожак;поиск-слов.рф;
рожки;поиск-слов.рф;
рожно;поиск-слов.рф;
ройка;поиск-слов.рф;
рокош;поиск-слов.рф;
ромей;поиск-слов.рф;
ромец;поиск-слов.рф;
ромок;поиск-слов.рф;
ромша;поиск-слов.рф;
ронин;поиск-слов.рф;
ротан;поиск-слов.рф;
роуди;поиск-слов.рф;
рубаб;поиск-слов.рф;
рубаи;поиск-слов.рф;
рубас;поиск-слов.рф;
рубоб;поиск-слов.рф;
рудар;поиск-слов.рф;
рудит;поиск-слов.рф;
рулеж;поиск-слов.рф;
рунди;поиск-слов.рф;
русаб;поиск-слов.рф;
русня;поиск-слов.рф;
рутер;поиск-слов.рф;
рутин;поиск-слов.рф;
руфер;поиск-слов.рф;
рушка;поиск-слов.рф;
рыжак;поиск-слов.рф;
рыжье;поиск-слов.рф;
рэйва;поиск-слов.рф;
рэйит;поиск-слов.рф;
рэйки;поиск-слов.рф;
рэмбо;поиск-слов.рф;
рэнга;поиск-слов.рф;
рюинь;поиск-слов.рф;
рябец;поиск-слов.рф;
рябик;поиск-слов.рф;
рябой;поиск-слов.рф;exists
рясна;поиск-слов.рф;
сабей;поиск-слов.рф;
сабже;поиск-слов.рф;
сабин;поиск-слов.рф;
сабра;поиск-слов.рф;
савар;поиск-слов.рф;
сават;поиск-слов.рф;
сагум;поиск-слов.рф;
садно;поиск-слов.рф;
сайкл;поиск-слов.рф;
сайма;поиск-слов.рф;
сакма;поиск-слов.рф;
сакта;поиск-слов.рф;
салад;поиск-слов.рф;
салар;поиск-слов.рф;
салит;поиск-слов.рф;
салма;поиск-слов.рф;
салят;поиск-слов.рф;
самех;поиск-слов.рф;
самса;поиск-слов.рф;
санбо;поиск-слов.рф;
санго;поиск-слов.рф;
санди;поиск-слов.рф;
саола;поиск-слов.рф;
сарма;поиск-слов.рф;
сарон;поиск-слов.рф;
саунд;поиск-слов.рф;
сафра;поиск-слов.рф;
сблев;поиск-слов.рф;
сбора;поиск-слов.рф;
свада;поиск-слов.рф;
свази;поиск-слов.рф;
свайп;поиск-слов.рф;
свати;поиск-слов.рф;
свеит;поиск-слов.рф;
сверк;поиск-слов.рф;
свеща;поиск-слов.рф;
связа;поиск-слов.рф;
сдело;поиск-слов.рф;
себум;поиск-слов.рф;
севач;поиск-слов.рф;
севба;поиск-слов.рф;
седзе;поиск-слов.рф;
седзи;поиск-слов.рф;
сеево;поиск-слов.рф;
сейба;поиск-слов.рф;
сейид;поиск-слов.рф;
сейлз;поиск-слов.рф;
сейша;поиск-слов.рф;
секас;поиск-слов.рф;
секед;поиск-слов.рф;
секей;поиск-слов.рф;
секис;поиск-слов.рф;
селеб;поиск-слов.рф;
селин;поиск-слов.рф;
селюк;поиск-слов.рф;
селям;поиск-слов.рф;
семис;поиск-слов.рф;
семка;поиск-слов.рф;
сенет;поиск-слов.рф;
сенки;поиск-слов.рф;
сенна;поиск-слов.рф;
сенэн;поиск-слов.рф;
сепар;поиск-слов.рф;
серва;поиск-слов.рф;
сердж;поиск-слов.рф;
серен;поиск-слов.рф;
серик;поиск-слов.рф;
серир;поиск-слов.рф;
серов;поиск-слов.рф;
серое;поиск-слов.рф;
серун;поиск-слов.рф;
серый;поиск-слов.рф;not-exists
сетап;поиск-слов.рф;
сеунч;поиск-слов.рф;
сибас;поиск-слов.рф;
сивый;поиск-слов.рф;not-exists
сигил;поиск-слов.рф;
сигна;поиск-слов.рф;
сиджо;поиск-слов.рф;
сидюк;поиск-слов.рф;
сижка;поиск-слов.рф;
сикль;поиск-слов.рф;not-exists
сикул;поиск-слов.рф;
силат;поиск-слов.рф;
силка;поиск-слов.рф;
силье;поиск-слов.рф;
синай;поиск-слов.рф;
синдх;поиск-слов.рф;
синий;поиск-слов.рф;not-exists
синти;поиск-слов.рф;
синто;поиск-слов.рф;
синяя;поиск-слов.рф;
сипак;поиск-слов.рф;
сирак;поиск-слов.рф;
сирен;поиск-слов.рф;
сирый;поиск-слов.рф;not-exists
сисоп;поиск-слов.рф;
сифит;поиск-слов.рф;
скайп;поиск-слов.рф;not-exists
скайс;поиск-слов.рф;
скалы;поиск-слов.рф;
скачь;поиск-слов.рф;
сквад;поиск-слов.рф;
сквиз;поиск-слов.рф;
сквиш;поиск-слов.рф;
скена;поиск-слов.рф;
скенэ;поиск-слов.рф;
скепт;поиск-слов.рф;
скилл;поиск-слов.рф;
скрад;поиск-слов.рф;
скрин;поиск-слов.рф;
скрэб;поиск-слов.рф;
скуда;поиск-слов.рф;
скуди;поиск-слов.рф;
сладж;поиск-слов.рф;
слайм;поиск-слов.рф;
слайс;поиск-слов.рф;
слань;поиск-слов.рф;
слипы;поиск-слов.рф;
слова;поиск-слов.рф;
слоек;поиск-слов.рф;
слуда;поиск-слов.рф;
слука;поиск-слов.рф;
смарт;поиск-слов.рф;
смоки;поиск-слов.рф;
смузи;поиск-слов.рф;
смурь;поиск-слов.рф;
смуть;поиск-слов.рф;
снафф;поиск-слов.рф;
снейк;поиск-слов.рф;
снитч;поиск-слов.рф;
снить;поиск-слов.рф;
снорк;поиск-слов.рф;
согра;поиск-слов.рф;
соджу;поиск-слов.рф;
солам;поиск-слов.рф;
солен;поиск-слов.рф;
солза;поиск-слов.рф;
солид;поиск-слов.рф;
солон;поиск-слов.рф;
солоп;поиск-слов.рф;
соляк;поиск-слов.рф;
соляр;поиск-слов.рф;
сомма;поиск-слов.рф;
сомон;поиск-слов.рф;
сомье;поиск-слов.рф;
сорбе;поиск-слов.рф;
сорок;поиск-слов.рф;exists
сотик;поиск-слов.рф;
сотый;поиск-слов.рф;exists
сохач;поиск-слов.рф;
сохра;поиск-слов.рф;
спайк;поиск-слов.рф;
спайс;поиск-слов.рф;
спект;поиск-слов.рф;
сплит;поиск-слов.рф;
сплиф;поиск-слов.рф;
сплог;поиск-слов.рф;
спонж;поиск-слов.рф;
спред;поиск-слов.рф;
спума;поиск-слов.рф;
срака;поиск-слов.рф;
сряда;поиск-слов.рф;
ссака;поиск-слов.рф;
ссыль;поиск-слов.рф;
стаза;поиск-слов.рф;
стант;поиск-слов.рф;
стата;поиск-слов.рф;
стафф;поиск-слов.рф;
стежь;поиск-слов.рф;
стент;поиск-слов.рф;
стень;поиск-слов.рф;
стикс;поиск-слов.рф;
стипа;поиск-слов.рф;
стола;поиск-слов.рф;
стоян;поиск-слов.рф;
страм;поиск-слов.рф;
стрел;поиск-слов.рф;
стрик;поиск-слов.рф;
стрый;поиск-слов.рф;
ступь;поиск-слов.рф;
стыдь;поиск-слов.рф;
стынь;поиск-слов.рф;
субаб;поиск-слов.рф;
судав;поиск-слов.рф;
судув;поиск-слов.рф;
сукка;поиск-слов.рф;
сукре;поиск-слов.рф;
сулук;поиск-слов.рф;
сумон;поиск-слов.рф;
супат;поиск-слов.рф;
сурит;поиск-слов.рф;
сурма;поиск-слов.рф;
сурна;поиск-слов.рф;
сухая;поиск-слов.рф;
сухий;поиск-слов.рф;
сухур;поиск-слов.рф;
сухый;поиск-слов.рф;
сучня;поиск-слов.рф;
сучье;поиск-слов.рф;
сушеф;поиск-слов.рф;
сущее;поиск-слов.рф;
сцаки;поиск-слов.рф;
сыкло;поиск-слов.рф;
сыкун;поиск-слов.рф;
сытый;поиск-слов.рф;not-exists
сэнто;поиск-слов.рф;
сэсэн;поиск-слов.рф;
сэшэа;поиск-слов.рф;
сюнну;поиск-слов.рф;
сюрик;поиск-слов.рф;
сюрко;поиск-слов.рф;
сябер;поиск-слов.рф;
сянци;поиск-слов.рф;
табия;поиск-слов.рф;
таваф;поиск-слов.рф;
тажин;поиск-слов.рф;
тазер;поиск-слов.рф;
таити;поиск-слов.рф;
тайит;поиск-слов.рф;
тайра;поиск-слов.рф;
тайтл;поиск-слов.рф;
тайфа;поиск-слов.рф;
такое;поиск-слов.рф;exists
талец;поиск-слов.рф;
талит;поиск-слов.рф;
талус;поиск-слов.рф;
тангл;поиск-слов.рф;
танка;поиск-слов.рф;
танок;поиск-слов.рф;exists
танхо;поиск-слов.рф;
таолу;поиск-слов.рф;
тараф;поиск-слов.рф;
тарга;поиск-слов.рф;
тарын;поиск-слов.рф;
тауэр;поиск-слов.рф;
тафия;поиск-слов.рф;
тащер;поиск-слов.рф;
таэль;поиск-слов.рф;
тверк;поиск-слов.рф;
твикс;поиск-слов.рф;
твинк;поиск-слов.рф;
твитт;поиск-слов.рф;
тевкр;поиск-слов.рф;
тезей;поиск-слов.рф;
тейбл;поиск-слов.рф;
телеш;поиск-слов.рф;
телия;поиск-слов.рф;
теллс;поиск-слов.рф;
темпе;поиск-слов.рф;
терат;поиск-слов.рф;
терма;поиск-слов.рф;
терно;поиск-слов.рф;
терра;поиск-слов.рф;
тесей;поиск-слов.рф;
тесис;поиск-слов.рф;
тесла;поиск-слов.рф;
теста;поиск-слов.рф;
тетри;поиск-слов.рф;
тетум;поиск-слов.рф;
техан;поиск-слов.рф;
тигра;поиск-слов.рф;
тигре;поиск-слов.рф;
тийин;поиск-слов.рф;
тилла;поиск-слов.рф;
тилль;поиск-слов.рф;
тильт;поиск-слов.рф;
тинка;поиск-слов.рф;
типле;поиск-слов.рф;
типок;поиск-слов.рф;
титин;поиск-слов.рф;
тифон;поиск-слов.рф;
тифус;поиск-слов.рф;
тихит;поиск-слов.рф;
тлень;поиск-слов.рф;
тмеза;поиск-слов.рф;
тоала;поиск-слов.рф;
тодес;поиск-слов.рф;
тозик;поиск-слов.рф;
токен;поиск-слов.рф;
толай;поиск-слов.рф;
толар;поиск-слов.рф;
толос;поиск-слов.рф;
томан;поиск-слов.рф;
томми;поиск-слов.рф;
томос;поиск-слов.рф;
тондо;поиск-слов.рф;
тоний;поиск-слов.рф;
тония;поиск-слов.рф;
тонфа;поиск-слов.рф;
топия;поиск-слов.рф;
топос;поиск-слов.рф;
торги;поиск-слов.рф;
тории;поиск-слов.рф;
тотал;поиск-слов.рф;
тоуэр;поиск-слов.рф;
тощак;поиск-слов.рф;
трабл;поиск-слов.рф;
трайб;поиск-слов.рф;
трайк;поиск-слов.рф;
трайт;поиск-слов.рф;
трама;поиск-слов.рф;
трасс;поиск-слов.рф;
трейд;поиск-слов.рф;
трейл;поиск-слов.рф;
тренч;поиск-слов.рф;
треня;поиск-слов.рф;
трефы;поиск-слов.рф;
треха;поиск-слов.рф;
триал;поиск-слов.рф;
трион;поиск-слов.рф;
трона;поиск-слов.рф;
троян;поиск-слов.рф;
туаль;поиск-слов.рф;
тубик;поиск-слов.рф;
тугай;поиск-слов.рф;
тугра;поиск-слов.рф;
тужба;поиск-слов.рф;
туйон;поиск-слов.рф;
тулес;поиск-слов.рф;
тулит;поиск-слов.рф;
тулуз;поиск-слов.рф;
тулун;поиск-слов.рф;
тульч;поиск-слов.рф;
тумен;поиск-слов.рф;
тунит;поиск-слов.рф;
тупак;поиск-слов.рф;
тупан;поиск-слов.рф;
тупье;поиск-слов.рф;
турак;поиск-слов.рф;
турач;поиск-слов.рф;
турма;поиск-слов.рф;
тусеж;поиск-слов.рф;
тусня;поиск-слов.рф;
тухес;поиск-слов.рф;
тхали;поиск-слов.рф;
тхина;поиск-слов.рф;
тшува;поиск-слов.рф;
тыйын;поиск-слов.рф;
тырка;поиск-слов.рф;
тырса;поиск-слов.рф;
тэнгу;поиск-слов.рф;
тэнит;поиск-слов.рф;
тэнсю;поиск-слов.рф;
тэтан;поиск-слов.рф;
тэшка;поиск-слов.рф;
тюбаж;поиск-слов.рф;
тюрбе;поиск-слов.рф;
тюрбо;поиск-слов.рф;
тюрик;поиск-слов.рф;
тюрюк;поиск-слов.рф;
тяжка;поиск-слов.рф;
тянка;поиск-слов.рф;
уброд;поиск-слов.рф;
увеит;поиск-слов.рф;
углич;поиск-слов.рф;
угрев;поиск-слов.рф;
удэхе;поиск-слов.рф;
ужака;поиск-слов.рф;
ужище;поиск-слов.рф;
узанс;поиск-слов.рф;
узвар;поиск-слов.рф;
уздца;поиск-слов.рф;
узерк;поиск-слов.рф;
узкая;поиск-слов.рф;
узура;поиск-слов.рф;
узюка;поиск-слов.рф;
уклея;поиск-слов.рф;
укора;поиск-слов.рф;
укреп;поиск-слов.рф;
укрух;поиск-слов.рф;
улово;поиск-слов.рф;
ульта;поиск-слов.рф;
умами;поиск-слов.рф;
умбит;поиск-слов.рф;
умбон;поиск-слов.рф;
умище;поиск-слов.рф;
умный;поиск-слов.рф;not-exists
унаги;поиск-слов.рф;
унами;поиск-слов.рф;
унбан;поиск-слов.рф;
уника;поиск-слов.рф;
унион;поиск-слов.рф;
уныль;поиск-слов.рф;
упаги;поиск-слов.рф;
ураза;поиск-слов.рф;
урарт;поиск-слов.рф;
урбеч;поиск-слов.рф;
уреид;поиск-слов.рф;
уркан;поиск-слов.рф;
урсон;поиск-слов.рф;
уртит;поиск-слов.рф;
уруси;поиск-слов.рф;
урыга;поиск-слов.рф;
усики;поиск-слов.рф;
усина;поиск-слов.рф;
ускок;поиск-слов.рф;
усташ;поиск-слов.рф;
ухряб;поиск-слов.рф;
учага;поиск-слов.рф;
учхоз;поиск-слов.рф;
фабза;поиск-слов.рф;
фавус;поиск-слов.рф;
фаджр;поиск-слов.рф;
фадом;поиск-слов.рф;
файер;поиск-слов.рф;
факап;поиск-слов.рф;
факих;поиск-слов.рф;
фалак;поиск-слов.рф;
фамбл;поиск-слов.рф;
фанго;поиск-слов.рф;
фанки;поиск-слов.рф;
фанта;поиск-слов.рф;not-exists
фарад;поиск-слов.рф;
фарма;поиск-слов.рф;
фарса;поиск-слов.рф;
фарца;поиск-слов.рф;
фасты;поиск-слов.рф;
фатин;поиск-слов.рф;
фатом;поиск-слов.рф;
фатта;поиск-слов.рф;
фашик;поиск-слов.рф;
фашня;поиск-слов.рф;
феатр;поиск-слов.рф;
федай;поиск-слов.рф;
фекал;поиск-слов.рф;
фелло;поиск-слов.рф;
фемка;поиск-слов.рф;
фиала;поиск-слов.рф;
фигли;поиск-слов.рф;
фиджи;поиск-слов.рф;
фижма;поиск-слов.рф;
физра;поиск-слов.рф;
фикса;поиск-слов.рф;
фикшн;поиск-слов.рф;
филид;поиск-слов.рф;
филия;поиск-слов.рф;
филло;поиск-слов.рф;
филум;поиск-слов.рф;
фильц;поиск-слов.рф;
финбо;поиск-слов.рф;
фитна;поиск-слов.рф;
фитол;поиск-слов.рф;
фитюк;поиск-слов.рф;
фифер;поиск-слов.рф;
фифка;поиск-слов.рф;
фичер;поиск-слов.рф;
фишай;поиск-слов.рф;
фишер;поиск-слов.рф;
флаер;поиск-слов.рф;
флейт;поиск-слов.рф;
флиак;поиск-слов.рф;
флоат;поиск-слов.рф;
флопс;поиск-слов.рф;
флосс;поиск-слов.рф;
флуер;поиск-слов.рф;
фолия;поиск-слов.рф;
фолос;поиск-слов.рф;
фомит;поиск-слов.рф;
фомич;поиск-слов.рф;
фомор;поиск-слов.рф;
фоник;поиск-слов.рф;
фосса;поиск-слов.рф;
фотик;поиск-слов.рф;
фреск;поиск-слов.рф;
фрунт;поиск-слов.рф;
фрязь;поиск-слов.рф;
фузор;поиск-слов.рф;
фуник;поиск-слов.рф;
фуран;поиск-слов.рф;
фурил;поиск-слов.рф;
фурол;поиск-слов.рф;
фурри;поиск-слов.рф;
фуррь;поиск-слов.рф;
фусха;поиск-слов.рф;
футаж;поиск-слов.рф;
футон;поиск-слов.рф;
фуфел;поиск-слов.рф;
фуцан;поиск-слов.рф;
фуяра;поиск-слов.рф;
фюмаж;поиск-слов.рф;
фюсис;поиск-слов.рф;
хавка;поиск-слов.рф;
хагаб;поиск-слов.рф;
хадак;поиск-слов.рф;
хадис;поиск-слов.рф;
хазан;поиск-слов.рф;
хазер;поиск-слов.рф;
хайку;поиск-слов.рф;
хаким;поиск-слов.рф;
хакит;поиск-слов.рф;
хакка;поиск-слов.рф;
халал;поиск-слов.рф;
халди;поиск-слов.рф;
хамеж;поиск-слов.рф;
хамза;поиск-слов.рф;
хамит;поиск-слов.рф;
хамло;поиск-слов.рф;
ханат;поиск-слов.рф;
ханец;поиск-слов.рф;
ханиф;поиск-слов.рф;
ханка;поиск-слов.рф;not-exists
ханты;поиск-слов.рф;
ханъе;поиск-слов.рф;
хаома;поиск-слов.рф;
хаори;поиск-слов.рф;
хапка;поиск-слов.рф;
харам;поиск-слов.рф;
харза;поиск-слов.рф;
харио;поиск-слов.рф;
харон;поиск-слов.рф;
харчи;поиск-слов.рф;
хаски;поиск-слов.рф;
хаста;поиск-слов.рф;
хатор;поиск-слов.рф;
хахам;поиск-слов.рф;
хачик;поиск-слов.рф;
хашар;поиск-слов.рф;
хашиш;поиск-слов.рф;
хевея;поиск-слов.рф;
хевра;поиск-слов.рф;
хейит;поиск-слов.рф;
хелат;поиск-слов.рф;
хемоз;поиск-слов.рф;
хендж;поиск-слов.рф;
херем;поиск-слов.рф;
херой;поиск-слов.рф;
хикка;поиск-слов.рф;
хикки;поиск-слов.рф;
хилая;поиск-слов.рф;
хилез;поиск-слов.рф;
хилер;поиск-слов.рф;
хилка;поиск-слов.рф;
хилый;поиск-слов.рф;not-exists
химка;поиск-слов.рф;
хипеж;поиск-слов.рф;
хирот;поиск-слов.рф;
хоана;поиск-слов.рф;
хозар;поиск-слов.рф;
хоким;поиск-слов.рф;
хокку;поиск-слов.рф;
холим;поиск-слов.рф;
холон;поиск-слов.рф;
хольд;поиск-слов.рф;
хомер;поиск-слов.рф;
хорар;поиск-слов.рф;
хорос;поиск-слов.рф;
хорус;поиск-слов.рф;
хоста;поиск-слов.рф;
хошен;поиск-слов.рф;
хтонь;поиск-слов.рф;
хуаюй;поиск-слов.рф;
худое;поиск-слов.рф;
худой;поиск-слов.рф;not-exists
хукоу;поиск-слов.рф;
хуман;поиск-слов.рф;
хумус;поиск-слов.рф;
хунну;поиск-слов.рф;
хурда;поиск-слов.рф;
хурул;поиск-слов.рф;
хусит;поиск-слов.рф;
хуцпа;поиск-слов.рф;
хуэец;поиск-слов.рф;
хычин;поиск-слов.рф;
хэнгэ;поиск-слов.рф;
хэток;поиск-слов.рф;
хюгге;поиск-слов.рф;
хяким;поиск-слов.рф;
хянга;поиск-слов.рф;
цабан;поиск-слов.рф;
царга;поиск-слов.рф;
цветь;поиск-слов.рф;
целом;поиск-слов.рф;
целюр;поиск-слов.рф;
ценур;поиск-слов.рф;
церка;поиск-слов.рф;
цетан;поиск-слов.рф;
цефей;поиск-слов.рф;
цешка;поиск-слов.рф;
цзинь;поиск-слов.рф;
цибет;поиск-слов.рф;
цигун;поиск-слов.рф;
цизит;поиск-слов.рф;
цикас;поиск-слов.рф;
цимен;поиск-слов.рф;
цимес;поиск-слов.рф;
цимол;поиск-слов.рф;
цимус;поиск-слов.рф;
цинка;поиск-слов.рф;
ципао;поиск-слов.рф;
цирен;поиск-слов.рф;
цирик;поиск-слов.рф;
цирлы;поиск-слов.рф;
цитоз;поиск-слов.рф;
цицес;поиск-слов.рф;
цицит;поиск-слов.рф;
цунар;поиск-слов.рф;
цыбик;поиск-слов.рф;
цыпки;поиск-слов.рф;
цэрэу;поиск-слов.рф;
чадце;поиск-слов.рф;
чаище;поиск-слов.рф;
чайот;поиск-слов.рф;
чакан;поиск-слов.рф;
чаман;поиск-слов.рф;
чаоит;поиск-слов.рф;
чапан;поиск-слов.рф;
чапля;поиск-слов.рф;
чарас;поиск-слов.рф;
чарок;поиск-слов.рф;
чарым;поиск-слов.рф;
чатик;поиск-слов.рф;
чафан;поиск-слов.рф;
чеджу;поиск-слов.рф;
чекап;поиск-слов.рф;
челик;поиск-слов.рф;
челси;поиск-слов.рф;
чемер;поиск-слов.рф;
чендж;поиск-слов.рф;
ченит;поиск-слов.рф;
чераз;поиск-слов.рф;
червы;поиск-слов.рф;
через;поиск-слов.рф;not-exists
черен;поиск-слов.рф;
черри;поиск-слов.рф;
четка;поиск-слов.рф;
чехит;поиск-слов.рф;
чечил;поиск-слов.рф;
чечка;поиск-слов.рф;
чибик;поиск-слов.рф;
чикса;поиск-слов.рф;
чимбу;поиск-слов.рф;
чимча;поиск-слов.рф;
чимчи;поиск-слов.рф;
чинос;поиск-слов.рф;
чипер;поиск-слов.рф;
чипок;поиск-слов.рф;
чирик;поиск-слов.рф;
чирус;поиск-слов.рф;
чиряк;поиск-слов.рф;
чичер;поиск-слов.рф;
чмырь;поиск-слов.рф;
чован;поиск-слов.рф;
чокой;поиск-слов.рф;
чолга;поиск-слов.рф;
чомпи;поиск-слов.рф;
чопик;поиск-слов.рф;
чопин;поиск-слов.рф;
чохто;поиск-слов.рф;
чсник;поиск-слов.рф;
чуана;поиск-слов.рф;
чугул;поиск-слов.рф;
чужая;поиск-слов.рф;
чужик;поиск-слов.рф;
чужой;поиск-слов.рф;not-exists
чулки;поиск-слов.рф;
чухан;поиск-слов.рф;
чухня;поиск-слов.рф;
чушня;поиск-слов.рф;
чушок;поиск-слов.рф;
шабан;поиск-слов.рф;
шабат;поиск-слов.рф;
шабля;поиск-слов.рф;
шабур;поиск-слов.рф;
шавру;поиск-слов.рф;
шавыр;поиск-слов.рф;
шадуф;поиск-слов.рф;
шакти;поиск-слов.рф;
шалон;поиск-слов.рф;
шамаш;поиск-слов.рф;
шамбо;поиск-слов.рф;
шамир;поиск-слов.рф;
шамма;поиск-слов.рф;
шамуа;поиск-слов.рф;
шанти;поиск-слов.рф;
шатуш;поиск-слов.рф;
шауйя;поиск-слов.рф;
шауни;поиск-слов.рф;
шахец;поиск-слов.рф;
шахин;поиск-слов.рф;
шахна;поиск-слов.рф;
шашки;поиск-слов.рф;
шашня;поиск-слов.рф;
швепс;поиск-слов.рф;
швунг;поиск-слов.рф;
шевяк;поиск-слов.рф;
шейма;поиск-слов.рф;
шейха;поиск-слов.рф;
шелон;поиск-слов.рф;
шелти;поиск-слов.рф;
шерпа;поиск-слов.рф;
шерри;поиск-слов.рф;
шиацу;поиск-слов.рф;
шикса;поиск-слов.рф;
шилье;поиск-слов.рф;
шинил;поиск-слов.рф;
шинка;поиск-слов.рф;
шинто;поиск-слов.рф;
шипок;поиск-слов.рф;
ширик;поиск-слов.рф;
ширка;поиск-слов.рф;
ширмы;поиск-слов.рф;
шкант;поиск-слов.рф;
шкеры;поиск-слов.рф;
шкраб;поиск-слов.рф;
шлихт;поиск-слов.рф;
шлица;поиск-слов.рф;
шлока;поиск-слов.рф;
шмаль;поиск-слов.рф;
шмоль;поиск-слов.рф;
шмоня;поиск-слов.рф;
шмура;поиск-слов.рф;
шмыга;поиск-слов.рф;
шмяка;поиск-слов.рф;
шнифт;поиск-слов.рф;
шнырь;поиск-слов.рф;
шняка;поиск-слов.рф;
шокер;поиск-слов.рф;
шопер;поиск-слов.рф;
шопот;поиск-слов.рф;
шорош;поиск-слов.рф;
шоссы;поиск-слов.рф;
шофар;поиск-слов.рф;
шренц;поиск-слов.рф;
штанц;поиск-слов.рф;
штосс;поиск-слов.рф;
штраб;поиск-слов.рф;
штыка;поиск-слов.рф;
шубат;поиск-слов.рф;
шубер;поиск-слов.рф;
шулюм;поиск-слов.рф;
шурик;поиск-слов.рф;
шурта;поиск-слов.рф;
шутан;поиск-слов.рф;
шутер;поиск-слов.рф;
шютте;поиск-слов.рф;
щенка;поиск-слов.рф;
щепет;поиск-слов.рф;
щепье;поиск-слов.рф;
щерба;поиск-слов.рф;
щетки;поиск-слов.рф;
щипач;поиск-слов.рф;
щипцы;поиск-слов.рф;not-exists
щишки;поиск-слов.рф;
щупка;поиск-слов.рф;
щурка;поиск-слов.рф;
эвеит;поиск-слов.рф;
эвент;поиск-слов.рф;
эвээм;поиск-слов.рф;
эглет;поиск-слов.рф;
эдема;поиск-слов.рф;
эйчар;поиск-слов.рф;
эквид;поиск-слов.рф;
эквит;поиск-слов.рф;
экзит;поиск-слов.рф;
экист;поиск-слов.рф;
эккер;поиск-слов.рф;
экспа;поиск-слов.рф;
экшон;поиск-слов.рф;
элеец;поиск-слов.рф;
элиит;поиск-слов.рф;
элюат;поиск-слов.рф;
эмпат;поиск-слов.рф;
эндек;поиск-слов.рф;
эндсы;поиск-слов.рф;
энзим;поиск-слов.рф;
энион;поиск-слов.рф;
энтер;поиск-слов.рф;
энэки;поиск-слов.рф;
эпопт;поиск-слов.рф;
эрата;поиск-слов.рф;
эрато;поиск-слов.рф;
эрбин;поиск-слов.рф;
эрдит;поиск-слов.рф;
эрмон;поиск-слов.рф;
эспри;поиск-слов.рф;
эссен;поиск-слов.рф;
эстер;поиск-слов.рф;
эстим;поиск-слов.рф;
этрап;поиск-слов.рф;
этрол;поиск-слов.рф;
эшарп;поиск-слов.рф;
эшель;поиск-слов.рф;
эшник;поиск-слов.рф;
югрич;поиск-слов.рф;
югурт;поиск-слов.рф;
юзист;поиск-слов.рф;
юката;поиск-слов.рф;
юмизм;поиск-слов.рф;
юнгит;поиск-слов.рф;
юнифа;поиск-слов.рф;
юнона;поиск-слов.рф;
юрага;поиск-слов.рф;
юризм;поиск-слов.рф;
юриит;поиск-слов.рф;
юрфак;поиск-слов.рф;not-exists
юссив;поиск-слов.рф;
юэчжи;поиск-слов.рф;
ябиру;поиск-слов.рф;
явидь;поиск-слов.рф;
ягиит;поиск-слов.рф;
ягоит;поиск-слов.рф;
ягурт;поиск-слов.рф;
яенин;поиск-слов.рф;
язина;поиск-слов.рф;
яишня;поиск-слов.рф;
якана;поиск-слов.рф;
якуба;поиск-слов.рф;
ялбот;поиск-слов.рф;
ямега;поиск-слов.рф;
ямник;поиск-слов.рф;
ямпец;поиск-слов.рф;
янбан;поиск-слов.рф;
янтра;поиск-слов.рф;not-exists
ярлит;поиск-слов.рф;
ясмин;поиск-слов.рф;
яспис;поиск-слов.рф;
яссец;поиск-слов.рф;
ястак;поиск-слов.рф;
ятваг;поиск-слов.рф;
ятвеж;поиск-слов.рф;
яхния;поиск-слов.рф;
ячник;поиск-слов.рф;
